inventory_id,entity_id,url,status_code,depth,title,page_kind,keyword_hits,language_hint,phone_candidates,email_candidates,form_fields,candidate_source_id,linked_from,source_status,confidence,last_checked,notes
WPI-0001,BMLWE,https://ebml.gov.lb/about.php?lang=en,200,0,EBML | About Us,about,about,en_or_latin,1713,,email|Email Address|text;submit|submit;full_name|Full Name|text;title|Title|text;message|Your Message;formid|hidden;location|hidden;t|hidden;act|hidden,SRC-BMLWE-ABOUT,SRC-BMLWE-ABOUT,existing_source,high,2026-05-31,
WPI-0002,BMLWE,https://ebml.gov.lb/user_ticket.php?lang=en,200,0,,complaint_or_ticket,complaint_or_ticket,unknown,,,,SRC-BMLWE-TICKET,SRC-BMLWE-TICKET,existing_source,high,2026-05-31,
WPI-0003,BMLWE,https://ebml.gov.lb/contactus.php?lang=en,200,0,EBML | Contact Us,contact,contact,en_or_latin,1713;+961 1 386 760,info@ebml.gov.lb,fname|Name*|text;lname|Family Name*|text;phone|Phone Number*|text;address|Address*|text;country|Country*|text;gender|Gender*|text;email|Email*|text;message|Your Message;submit|submit;email|Email Address|text;full_name|Full Name|text;title|Title|text;formid|hidden;location|hidden;t|hidden;act|hidden,SRC-BMLWE-CONTACT,SRC-BMLWE-CONTACT,existing_source,high,2026-05-31,
WPI-0004,BMLWE,https://ebml.gov.lb/faq.php?lang=en,200,0,EBML | Forms,forms_or_documents,forms_or_documents,en_or_latin,1713,,email|Email Address|text;submit|submit;full_name|Full Name|text;title|Title|text;message|Your Message;formid|hidden;location|hidden;t|hidden;act|hidden,SRC-BMLWE-FAQ,SRC-BMLWE-FAQ,existing_source,high,2026-05-31,
WPI-0005,BMLWE,https://ebml.gov.lb/forms.php?lang=en,200,0,EBML | Forms,forms_or_documents,forms_or_documents,en_or_latin,1713,,email|Email Address|text;submit|submit;full_name|Full Name|text;title|Title|text;message|Your Message;formid|hidden;location|hidden;t|hidden;act|hidden,SRC-BMLWE-FORMS,SRC-BMLWE-FORMS,existing_source,high,2026-05-31,
WPI-0006,BMLWE,https://ebml.gov.lb/about.php?lang=en&lang=ar,200,1,EBML | About Us,about,about,ar,1713,,email|عنوان البريد الإلكتروني|text;submit|submit;full_name|الاسم الكامل|text;title|عنوان|text;message|رسالتك;formid|hidden;location|hidden;t|hidden;act|hidden,SRC-BMLWE-ABOUT-PHP,SRC-BMLWE-ABOUT,low_signal_official_page,low,2026-05-31,
WPI-0007,BMLWE,https://ebml.gov.lb/about.php?lang=en&lang=en,200,1,EBML | About Us,about,about,en_or_latin,1713,,email|Email Address|text;submit|submit;full_name|Full Name|text;title|Title|text;message|Your Message;formid|hidden;location|hidden;t|hidden;act|hidden,SRC-BMLWE-ABOUT-PHP,SRC-BMLWE-ABOUT,low_signal_official_page,low,2026-05-31,
WPI-0008,BMLWE,https://ebml.gov.lb/newsroom.php?lang=en,200,1,EBML | Newsroom,news_or_notice,news_or_notice,ar,1713;1970,,email|Email Address|text;submit|submit;full_name|Full Name|text;title|Title|text;message|Your Message;formid|hidden;location|hidden;t|hidden;act|hidden,SRC-BMLWE-NEWSROOM-PHP,SRC-BMLWE-ABOUT,low_signal_official_page,low,2026-05-31,
WPI-0009,BMLWE,https://ebml.gov.lb/contactus.php?lang=en&lang=ar,200,1,EBML | Contact Us,contact,contact,ar,1713,info@ebml.gov.lb,fname|اسم*|text;lname|اسم العائلة*|text;phone|رقم الهاتف*|text;address|عنوان*|text;country|بلد*|text;gender|الجنس*|text;email|البريد الإلكتروني*|text;message|رسالتك;submit|submit;email|عنوان البريد الإلكتروني|text;full_name|الاسم الكامل|text;title|عنوان|text;formid|hidden;location|hidden;t|hidden;act|hidden,SRC-BMLWE-CONTACTUS-PHP,SRC-BMLWE-CONTACT,official_candidate,medium,2026-05-31,
WPI-0010,BMLWE,https://ebml.gov.lb/contactus.php?lang=en&lang=en,200,1,EBML | Contact Us,contact,contact,en_or_latin,1713;+961 1 386 760,info@ebml.gov.lb,fname|Name*|text;lname|Family Name*|text;phone|Phone Number*|text;address|Address*|text;country|Country*|text;gender|Gender*|text;email|Email*|text;message|Your Message;submit|submit;email|Email Address|text;full_name|Full Name|text;title|Title|text;formid|hidden;location|hidden;t|hidden;act|hidden,SRC-BMLWE-CONTACTUS-PHP,SRC-BMLWE-CONTACT,official_candidate,medium,2026-05-31,
WPI-0011,BMLWE,https://ebml.gov.lb/,200,1,EBML,forms_or_documents,forms_or_documents;legal_or_mandate;projects_or_irrigation,ar,1713,,email|عنوان البريد الإلكتروني|text;submit|submit;full_name|الاسم الكامل|text;title|عنوان|text;message|رسالتك;formid|hidden;location|hidden;t|hidden;act|hidden,SRC-BMLWE-HOME,SRC-BMLWE-ABOUT,official_candidate,medium,2026-05-31,
WPI-0012,BMLWE,https://ebml.gov.lb/?lang=en,200,1,EBML,forms_or_documents,forms_or_documents;legal_or_mandate;projects_or_irrigation,en_or_latin,1713,,email|Email Address|text;submit|submit;full_name|Full Name|text;title|Title|text;message|Your Message;formid|hidden;location|hidden;t|hidden;act|hidden,SRC-BMLWE-HOME,SRC-BMLWE-ABOUT,official_candidate,medium,2026-05-31,
WPI-0013,BMLWE,https://ebml.gov.lb/bids.php?lang=en,200,1,EBML | Bids,forms_or_documents,forms_or_documents;water_quality;projects_or_irrigation,ar,1713;1978;1572;1973;1707;1000;1428;1431;1372;1442;1441;1440,,email|Email Address|text;submit|submit;full_name|Full Name|text;title|Title|text;message|Your Message;formid|hidden;location|hidden;t|hidden;act|hidden,SRC-BMLWE-BIDS-PHP,SRC-BMLWE-ABOUT,official_candidate,medium,2026-05-31,
WPI-0014,BMLWE,https://ebml.gov.lb/careers.php?lang=en,200,1,Careers | EBML,forms_or_documents,forms_or_documents;legal_or_mandate,en_or_latin,1713,,email|Email Address|text;submit|submit;full_name|Full Name|text;title|Title|text;message|Your Message;formid|hidden;location|hidden;t|hidden;act|hidden,SRC-BMLWE-CAREERS-PHP,SRC-BMLWE-ABOUT,official_candidate,medium,2026-05-31,
WPI-0015,BMLWE,https://ebml.gov.lb/faq.php?lang=en&lang=ar,200,1,EBML | Forms,forms_or_documents,forms_or_documents,ar,1713,,email|عنوان البريد الإلكتروني|text;submit|submit;full_name|الاسم الكامل|text;title|عنوان|text;message|رسالتك;formid|hidden;location|hidden;t|hidden;act|hidden,SRC-BMLWE-FAQ-PHP,SRC-BMLWE-FAQ,official_candidate,medium,2026-05-31,
WPI-0016,BMLWE,https://ebml.gov.lb/faq.php?lang=en&lang=en,200,1,EBML | Forms,forms_or_documents,forms_or_documents,en_or_latin,1713,,email|Email Address|text;submit|submit;full_name|Full Name|text;title|Title|text;message|Your Message;formid|hidden;location|hidden;t|hidden;act|hidden,SRC-BMLWE-FAQ-PHP,SRC-BMLWE-FAQ,official_candidate,medium,2026-05-31,
WPI-0017,BMLWE,https://ebml.gov.lb/forms.php?lang=en&lang=ar,200,1,EBML | Forms,forms_or_documents,forms_or_documents,ar,1713,,email|عنوان البريد الإلكتروني|text;submit|submit;full_name|الاسم الكامل|text;title|عنوان|text;message|رسالتك;formid|hidden;location|hidden;t|hidden;act|hidden,SRC-BMLWE-FORMS-PHP,SRC-BMLWE-FORMS,official_candidate,medium,2026-05-31,
WPI-0018,BMLWE,https://ebml.gov.lb/forms.php?lang=en&lang=en,200,1,EBML | Forms,forms_or_documents,forms_or_documents,en_or_latin,1713,,email|Email Address|text;submit|submit;full_name|Full Name|text;title|Title|text;message|Your Message;formid|hidden;location|hidden;t|hidden;act|hidden,SRC-BMLWE-FORMS-PHP,SRC-BMLWE-FORMS,official_candidate,medium,2026-05-31,
WPI-0019,BMLWE,https://ebml.gov.lb/login.php?lang=en,200,1,EBML | Login,forms_or_documents,forms_or_documents;legal_or_mandate,en_or_latin,1713,,email|Email Address|text;password|Password|password;act|hidden;referer|hidden;submit|submit;full_name|Full Name|text;title|Title|text;message|Your Message;formid|hidden;location|hidden;t|hidden,SRC-BMLWE-LOGIN-PHP,SRC-BMLWE-ABOUT,official_candidate,medium,2026-05-31,
WPI-0020,BMLWE,https://ebml.gov.lb/other_pages.php?lang=en&location=Other+%2F+Terms,200,1,EBML | Terms & Conditions,forms_or_documents,forms_or_documents;service_request;legal_or_mandate,en_or_latin,1713,,email|Email Address|text;submit|submit;full_name|Full Name|text;title|Title|text;message|Your Message;formid|hidden;location|hidden;t|hidden;act|hidden,SRC-BMLWE-OTHER-PAGES-PHP,SRC-BMLWE-ABOUT,official_candidate,medium,2026-05-31,
WPI-0021,BMLWE,https://ebml.gov.lb/projects.php?lang=en,200,1,EBML | Projects,forms_or_documents,forms_or_documents;legal_or_mandate;projects_or_irrigation,en_or_latin,1713,,email|Email Address|text;submit|submit;full_name|Full Name|text;title|Title|text;message|Your Message;formid|hidden;location|hidden;t|hidden;act|hidden,SRC-BMLWE-PROJECTS-PHP,SRC-BMLWE-ABOUT,official_candidate,medium,2026-05-31,
WPI-0022,BMLWE,https://ebml.gov.lb/user_form.php?lang=en,200,1,,forms_or_documents,forms_or_documents,unknown,,,,SRC-BMLWE-USER-FORM-PHP,SRC-BMLWE-ABOUT,official_candidate,medium,2026-05-31,
WPI-0023,BMLWE,https://ebml.gov.lb/vision.php?lang=en,200,1,EBML | Vision,forms_or_documents,forms_or_documents;water_quality;legal_or_mandate,en_or_latin,1713,,email|Email Address|text;submit|submit;full_name|Full Name|text;title|Title|text;message|Your Message;formid|hidden;location|hidden;t|hidden;act|hidden,SRC-BMLWE-VISION-PHP,SRC-BMLWE-ABOUT,official_candidate,medium,2026-05-31,
WPI-0024,BWE,https://bwe.gov.lb/en/about/,,0,,about,about,unknown,,,,SRC-BWE-ABOUT,SRC-BWE-ABOUT,existing_source,high,2026-05-31,fetch_error=[SSL: TLSV1_ALERT_INTERNAL_ERROR] tlsv1 alert internal error (_ssl.c:1028)
WPI-0025,BWE,https://bwe.gov.lb/en/contact/,,0,,contact,contact,unknown,,,,SRC-BWE-CONTACT,SRC-BWE-CONTACT,existing_source,high,2026-05-31,fetch_error=[SSL: TLSV1_ALERT_INTERNAL_ERROR] tlsv1 alert internal error (_ssl.c:1028)
WPI-0026,BWE,https://bwe.gov.lb/en/customer-services/,,0,,customer_service,customer_service,unknown,,,,SRC-BWE-CUSTOMER-SERVICE,SRC-BWE-CUSTOMER-SERVICE,existing_source,high,2026-05-31,fetch_error=[SSL: TLSV1_ALERT_INTERNAL_ERROR] tlsv1 alert internal error (_ssl.c:1028)
WPI-0027,BWE,https://bwe.gov.lb/en/customer-services1/,,0,,customer_service,customer_service,unknown,,,,SRC-BWE-FAQ,SRC-BWE-FAQ,existing_source,high,2026-05-31,fetch_error=[SSL: TLSV1_ALERT_INTERNAL_ERROR] tlsv1 alert internal error (_ssl.c:1028)
WPI-0028,BWE,https://bwe.gov.lb/en/home/,,0,,general,,unknown,,,,SRC-BWE-HOME,SRC-BWE-HOME,existing_source,high,2026-05-31,fetch_error=[SSL: TLSV1_ALERT_INTERNAL_ERROR] tlsv1 alert internal error (_ssl.c:1028)
WPI-0029,BWE,https://bwe.gov.lb/en/waterquality/,,0,,water_quality,water_quality,unknown,,,,SRC-BWE-WATER-QUALITY,SRC-BWE-WATER-QUALITY,existing_source,high,2026-05-31,fetch_error=[SSL: TLSV1_ALERT_INTERNAL_ERROR] tlsv1 alert internal error (_ssl.c:1028)
WPI-0030,LRA,https://www.litani.gov.lb/en-us/aboutlra/organigram,200,0,Organigram,projects_or_irrigation,projects_or_irrigation;about,en_or_latin,01- 662112,,GLobalSearchText|Search....|text;GlobalSearchButton|button,SRC-LRA-ORGANIGRAM,SRC-LRA-ORGANIGRAM,existing_source,high,2026-05-31,
WPI-0031,LRA,https://www.litani.gov.lb/en-us/aboutlrb,200,0,AboutLRB,projects_or_irrigation,projects_or_irrigation;about,en_or_latin,01- 662112,,GLobalSearchText|Search....|text;GlobalSearchButton|button,SRC-LRA-BASIN,SRC-LRA-BASIN,existing_source,high,2026-05-31,
WPI-0032,LRA,https://www.litani.gov.lb/en-us/contact,200,1,Contact Us,contact,contact;projects_or_irrigation,en_or_latin,01- 662112;01- 660476;01 - 834 816;01 - 825 431;07- 810297;08-651236;08-650377;08 - 651238;07- 360 636;07- 740956;07-230198;07 - 391063,,GLobalSearchText|Search....|text;GlobalSearchButton|button;__RequestVerificationToken|hidden;FirstName|FirstName|First Name|text;LastName|LastName|First Name|text;EmailInput|EmailInput|Email|email;subject|subject|Subject|text;UploadedFile|FileInput|file;Message|Message|Message;SubmitForm|button,SRC-LRA-EN-US-CONTACT,SRC-LRA-ORGANIGRAM,official_candidate,medium,2026-05-31,
WPI-0033,LRA,https://www.litani.gov.lb/,200,1,الصفحة الرئيسية - المصلحة الوطنية لنهر الليطاني,projects_or_irrigation,projects_or_irrigation,ar,8699300,,GLobalSearchText|ابحث حسب العنوان و المحتوى|text;GlobalSearchButton|button;HoveredImage#0|hidden;href|hidden;HoveredImage#1|hidden;HoveredImage#2|hidden,SRC-LRA-HOME,SRC-LRA-ORGANIGRAM,official_candidate,medium,2026-05-31,
WPI-0034,LRA,https://www.litani.gov.lb/ar-lb/aboutlra/organigram,200,1,هيكلية ومهام المصلحة,projects_or_irrigation,projects_or_irrigation;about,ar,,,GLobalSearchText|ابحث حسب العنوان و المحتوى|text;GlobalSearchButton|button,SRC-LRA-ABOUTLRA-ORGANIGRAM,SRC-LRA-ORGANIGRAM,official_candidate,medium,2026-05-31,
WPI-0035,LRA,https://www.litani.gov.lb/ar-lb/aboutlrb,200,1,AboutLRB,projects_or_irrigation,projects_or_irrigation;about,ar,1000,,GLobalSearchText|ابحث حسب العنوان و المحتوى|text;GlobalSearchButton|button,SRC-LRA-AR-LB-ABOUTLRB,SRC-LRA-BASIN,official_candidate,medium,2026-05-31,
WPI-0036,LRA,https://www.litani.gov.lb/cdn-cgi/l/email-protection,404,1,Email Protection | Cloudflare,projects_or_irrigation,projects_or_irrigation,en_or_latin,,,,SRC-LRA-L-EMAIL-PROTECTION,SRC-LRA-ORGANIGRAM,official_candidate,medium,2026-05-31,
WPI-0037,LRA,https://www.litani.gov.lb/en-us,200,1,Home Page - Litani River Authority,projects_or_irrigation,projects_or_irrigation,en_or_latin,8699300;01- 662112,,GLobalSearchText|Search....|text;GlobalSearchButton|button;HoveredImage#0|hidden;href|hidden;HoveredImage#1|hidden;HoveredImage#2|hidden,SRC-LRA-EN-US,SRC-LRA-ORGANIGRAM,official_candidate,medium,2026-05-31,
WPI-0038,LRA,https://www.litani.gov.lb/en-us/aboutlra/corporateagreements,200,1,Cooperation agreements,projects_or_irrigation,projects_or_irrigation;about,en_or_latin,01- 662112,,GLobalSearchText|Search....|text;GlobalSearchButton|button;searchtext|SearchText|Search....|text;DxDateFromInput|hidden;DxDateToInput|hidden;button,SRC-LRA-ABOUTLRA-CORPORATEAGREEMENTS,SRC-LRA-ORGANIGRAM,official_candidate,medium,2026-05-31,
WPI-0039,LRA,https://www.litani.gov.lb/en-us/aboutlra/implementingregulations,200,1,Regulations,projects_or_irrigation,projects_or_irrigation;about,en_or_latin,1295;01- 662112,,GLobalSearchText|Search....|text;GlobalSearchButton|button;searchtext|SearchText|Search....|text;ImplementingRegulationsType;DxDateFromInput|hidden;DxDateToInput|hidden;button,SRC-LRA-ABOUTLRA-IMPLEMENTINGREGULATIONS,SRC-LRA-ORGANIGRAM,official_candidate,medium,2026-05-31,
WPI-0040,LRA,https://www.litani.gov.lb/en-us/aboutlra/lraproject,200,1,LRA Projects,projects_or_irrigation,projects_or_irrigation;about,en_or_latin,1970;01- 662112,,GLobalSearchText|Search....|text;GlobalSearchButton|button;searchtext|SearchText|Search....|text;button,SRC-LRA-ABOUTLRA-LRAPROJECT,SRC-LRA-ORGANIGRAM,official_candidate,medium,2026-05-31,
WPI-0041,LRA,https://www.litani.gov.lb/en-us/aboutlra/worldbankagreement,200,1,World Bank Loan Agreement,projects_or_irrigation,projects_or_irrigation;about,en_or_latin,1962;1968;01- 662112,,GLobalSearchText|Search....|text;GlobalSearchButton|button;button;searchtext|SearchText|Search....|text;DxDateFromInput|hidden;DxDateToInput|hidden,SRC-LRA-ABOUTLRA-WORLDBANKAGREEMENT,SRC-LRA-ORGANIGRAM,official_candidate,medium,2026-05-31,
WPI-0042,LRA,https://www.litani.gov.lb/en-us/aboutlra/yearlyreport,200,1,Annual reports,projects_or_irrigation,projects_or_irrigation;about,en_or_latin,1999;1998;1997;1996;1995;1994;1993;1963;1960;01- 662112,,GLobalSearchText|Search....|text;GlobalSearchButton|button,SRC-LRA-ABOUTLRA-YEARLYREPORT,SRC-LRA-ORGANIGRAM,official_candidate,medium,2026-05-31,
WPI-0043,LRA,https://www.litani.gov.lb/en-us/announcements/circulars,200,1,Circulars,projects_or_irrigation,projects_or_irrigation;news_or_notice,en_or_latin,01- 662112,,GLobalSearchText|Search....|text;GlobalSearchButton|button;searchtext|SearchText|Search....|text;DxDateFromInput|hidden;DxDateToInput|hidden;button,SRC-LRA-ANNOUNCEMENTS-CIRCULARS,SRC-LRA-ORGANIGRAM,official_candidate,medium,2026-05-31,
WPI-0044,LRA,https://www.litani.gov.lb/en-us/announcements/externalcommunications,200,1,External Communications,projects_or_irrigation,projects_or_irrigation;news_or_notice,en_or_latin,01- 662112,,GLobalSearchText|Search....|text;GlobalSearchButton|button;searchtext|SearchText|Search....|text;DxDateFromInput|hidden;DxDateToInput|hidden;button,SRC-LRA-ANNOUNCEMENTS-EXTERNALCOMMUNICATIONS,SRC-LRA-ORGANIGRAM,official_candidate,medium,2026-05-31,
WPI-0045,LRA,https://www.litani.gov.lb/en-us/announcements/procurements,200,1,Procurements,projects_or_irrigation,projects_or_irrigation;news_or_notice,en_or_latin,01- 662112,,GLobalSearchText|Search....|text;GlobalSearchButton|button;searchtext|SearchText|Search....|text;DxDateFromInput|hidden;DxDateToInput|hidden;button,SRC-LRA-ANNOUNCEMENTS-PROCUREMENTS,SRC-LRA-ORGANIGRAM,official_candidate,medium,2026-05-31,
WPI-0046,LRA,https://www.litani.gov.lb/en-us/announcements/procurements,200,1,Procurements,projects_or_irrigation,projects_or_irrigation;news_or_notice,en_or_latin,01- 662112,,GLobalSearchText|Search....|text;GlobalSearchButton|button;searchtext|SearchText|Search....|text;DxDateFromInput|hidden;DxDateToInput|hidden;button,SRC-LRA-ANNOUNCEMENTS-PROCUREMENTS,SRC-LRA-ORGANIGRAM,official_candidate,medium,2026-05-31,
WPI-0047,LRA,https://www.litani.gov.lb/en-us/depollution/depollutionprojects,200,1,Depollution Projects,projects_or_irrigation,projects_or_irrigation,en_or_latin,7889238;4485223;3155695;1142229;8152212;01- 662112,,GLobalSearchText|Search....|text;GlobalSearchButton|button;DepollutionProjectTypes;searchtext|SearchText|Project Name|text;Sector;GeoLocation;Funder;DxDateFromInput|hidden;DxDateToInput|hidden;Status;Program;ExecutingAuthority;button,SRC-LRA-DEPOLLUTION-DEPOLLUTIONPROJECTS,SRC-LRA-ORGANIGRAM,official_candidate,medium,2026-05-31,
WPI-0048,LRA,https://www.litani.gov.lb/en-us/depollution/pollutionchallenges,200,1,Sources of pollution,projects_or_irrigation,projects_or_irrigation,en_or_latin,1068;01- 662112,,GLobalSearchText|Search....|text;GlobalSearchButton|button,SRC-LRA-DEPOLLUTION-POLLUTIONCHALLENGES,SRC-LRA-ORGANIGRAM,official_candidate,medium,2026-05-31,
WPI-0049,LRA,https://www.litani.gov.lb/en-us/depollution/pollutionpreventionandcontrol,200,1,Measures to remove pollution and protect water and environmental resources,projects_or_irrigation,projects_or_irrigation,en_or_latin,1000;1100;1701;1970;01- 662112,,GLobalSearchText|Search....|text;GlobalSearchButton|button,SRC-LRA-DEPOLLUTION-POLLUTIONPREVENTIONANDCO,SRC-LRA-ORGANIGRAM,official_candidate,medium,2026-05-31,
WPI-0050,LRA,https://www.litani.gov.lb/en-us/gallery,200,1,Photo Gallery,projects_or_irrigation,projects_or_irrigation,en_or_latin,01- 662112,,GLobalSearchText|Search....|text;GlobalSearchButton|button;Orders,SRC-LRA-EN-US-GALLERY,SRC-LRA-ORGANIGRAM,official_candidate,medium,2026-05-31,
WPI-0051,LRA,https://www.litani.gov.lb/en-us/geomap,200,1,Geographical maps,projects_or_irrigation,projects_or_irrigation,en_or_latin,01- 662112,,GLobalSearchText|Search....|text;GlobalSearchButton|button;searchtext|SearchText|Search....|text;button,SRC-LRA-EN-US-GEOMAP,SRC-LRA-ORGANIGRAM,official_candidate,medium,2026-05-31,
WPI-0052,LRA,https://www.litani.gov.lb/en-us/indicators/electricityproductions,200,1,Electricity production,projects_or_irrigation,projects_or_irrigation,en_or_latin,01- 662112,,GLobalSearchText|Search....|text;GlobalSearchButton|button;DxDateFromInput|hidden;DxDateToInput|hidden;Frequency;button,SRC-LRA-INDICATORS-ELECTRICITYPRODUCTIONS,SRC-LRA-ORGANIGRAM,official_candidate,medium,2026-05-31,
WPI-0053,LRA,https://www.litani.gov.lb/en-us/indicators/indicatorswaterquantity,200,1,Level of water,projects_or_irrigation,projects_or_irrigation,en_or_latin,01- 662112,,GLobalSearchText|Search....|text;GlobalSearchButton|button;DxDateFromInput|hidden;DxDateToInput|hidden;searchdate|button;HiddenChartTitle|hidden,SRC-LRA-INDICATORS-INDICATORSWATERQUANTITY,SRC-LRA-ORGANIGRAM,official_candidate,medium,2026-05-31,
WPI-0054,LRA,https://www.litani.gov.lb/en-us/news,200,1,News,projects_or_irrigation,projects_or_irrigation;news_or_notice,en_or_latin,01- 662112,,GLobalSearchText|Search....|text;GlobalSearchButton|button;searchtext|SearchText|Search....|text;DxDateFromInput|hidden;DxDateToInput|hidden;button,SRC-LRA-EN-US-NEWS,SRC-LRA-ORGANIGRAM,official_candidate,medium,2026-05-31,
WPI-0055,LRA,https://www.litani.gov.lb/en-us/quicklinks,200,1,Quick Links,projects_or_irrigation,projects_or_irrigation,en_or_latin,01- 662112,,GLobalSearchText|Search....|text;GlobalSearchButton|button,SRC-LRA-EN-US-QUICKLINKS,SRC-LRA-ORGANIGRAM,official_candidate,medium,2026-05-31,
WPI-0056,LRA,https://www.litani.gov.lb/en-us/termsandcondition,200,1,Terms and Conditions,projects_or_irrigation,projects_or_irrigation,en_or_latin,01- 662112,,GLobalSearchText|Search....|text;GlobalSearchButton|button,SRC-LRA-EN-US-TERMSANDCONDITION,SRC-LRA-ORGANIGRAM,official_candidate,medium,2026-05-31,
WPI-0057,LRA,https://www.litani.gov.lb/en-us/indicators/indicatorswaterquality,200,1,Quality of water,water_quality,water_quality;projects_or_irrigation,en_or_latin,01- 662112,,GLobalSearchText|Search....|text;GlobalSearchButton|button;FactorType;Factor;DxDateFromInput|hidden;DxDateToInput|hidden;Basin;SamplePoint;loadchartbutton|button,SRC-LRA-INDICATORS-INDICATORSWATERQUALITY,SRC-LRA-ORGANIGRAM,official_candidate,medium,2026-05-31,
WPI-0058,MEW,https://www.energyandwater.gov.lb/ar/details/99833/%D8%A7%D9%84%D9%85%D8%AF%D8%B1%D9%8A-%D8%A9-%D8%A7%D9%84%D8%B9%D8%A7%D9%85%D8%A9-%D8%A7%D9%84%D8%A5%D8%B3%D8%AA%D8%AB%D9%85%D8%A7%D8%B1,200,0,الموقع الرسمي لوزارة الطاقة والمياه | المديرية العامة للإستثمار,projects_or_irrigation,projects_or_irrigation,ar,1966;1972;1735;8803/200;5469/196;1735/200;1997,,hdnRootFldr|hdnRootFldr|hidden;cmbMinistriesSites|cmbMinistriesSites;txtGlobalKeywords|txtGlobalKeywords|البحث|text,SRC-MEW-DGI,SRC-MEW-DGI,existing_source,high,2026-05-31,
WPI-0059,MEW,https://www.energyandwater.gov.lb/ar/details/101120/%D8%A7%D9%84%D8%B7%D8%A7%D9%82%D8%A9-%D8%A7%D9%84%D9%87%D8%A8%D8%A9-%D8%A7%D9%84%D8%B9%D8%B1%D8%A7%D9%82%D9%8A%D8%A9-%D9%85%D8%AE%D8%AA%D9%88%D9%85%D8%A9-%D9%81%D9%8A-%D8%AE%D8%B2%D8%A7%D9%86%D8%A7%D8%AA-%D9%85%D9%86%D8%B4-%D8%AA-%D8%A7%D9%84%D9%86%D9%81%D8%B7-%D8%AE%D9%84%D8%A7%D9%81%D8%A7-%D9%84%D8%A5%D8%AF%D8%B9%D8%A7-%D8%A7%D8%AA-%D8%A7%D9%84%D8%A3%D8%AE%D8%A8%D8%A7%D8%B1,200,1,"الموقع الرسمي لوزارة الطاقة والمياه | ""الطاقة"": الهبة العراقية مختومة في خزانات منشآت النفط خلافاً لإدعاءات ""الأخبار""",news_or_notice,news_or_notice,ar,,,hdnRootFldr|hdnRootFldr|hidden;cmbMinistriesSites|cmbMinistriesSites;txtGlobalKeywords|txtGlobalKeywords|البحث|text,SRC-MEW-101120-D8-A7-D9-84-D8-B7-D8-A7-D9-82,SRC-MEW-DGI,low_signal_official_page,low,2026-05-31,
WPI-0060,MEW,https://www.energyandwater.gov.lb/ar/listing/newsroom/announcements?l=3,200,1,الموقع الرسمي لوزارة الطاقة والمياه | الاخبار,news_or_notice,news_or_notice,ar,,,hdnRootFldr|hdnRootFldr|hidden;cmbMinistriesSites|cmbMinistriesSites;txtGlobalKeywords|txtGlobalKeywords|البحث|text;hdnListingLayout|hidden;txtFilterKeywords|txtFilterKeywords|البحث|text;txtFromDate|txtFromDate|من تاريخ|text;txtToDate|txtToDate|إلى تاريخ|text;cmbCategories|cmbCategories,SRC-MEW-NEWSROOM-ANNOUNCEMENTS,SRC-MEW-DGI,low_signal_official_page,low,2026-05-31,
WPI-0061,MEW,https://www.energyandwater.gov.lb/ar/listing/newsroom/news?l=3,200,1,الموقع الرسمي لوزارة الطاقة والمياه | الاخبار,news_or_notice,news_or_notice,ar,,,hdnRootFldr|hdnRootFldr|hidden;cmbMinistriesSites|cmbMinistriesSites;txtGlobalKeywords|txtGlobalKeywords|البحث|text;hdnListingLayout|hidden;txtFilterKeywords|txtFilterKeywords|البحث|text;txtFromDate|txtFromDate|من تاريخ|text;txtToDate|txtToDate|إلى تاريخ|text;cmbCategories|cmbCategories,SRC-MEW-NEWSROOM-NEWS,SRC-MEW-DGI,low_signal_official_page,low,2026-05-31,
WPI-0062,MEW,https://www.energyandwater.gov.lb/ar/contact,200,1,الموقع الرسمي لوزارة الطاقة والمياه,contact,contact,ar,01/565040;01/449639,minister@energyandwater.gov.lb,hdnRootFldr|hdnRootFldr|hidden;cmbMinistriesSites|cmbMinistriesSites;txtGlobalKeywords|txtGlobalKeywords|البحث|text;hdnCategoryId|hidden;txtFirstName|txtFirstName|الاسم*|text;txtLastName|txtLastName|اسم العائلة*|text;txtEmail|txtEmail|البريد الإلكتروني|email;txtPhone|txtPhone|هاتف*|tel;txtSubject|txtSubject|الموضوع *|text;txtMessage|txtMessage|الرسالة*,SRC-MEW-AR-CONTACT,SRC-MEW-DGI,official_candidate,medium,2026-05-31,
WPI-0063,MEW,https://www.energyandwater.gov.lb/ar/departments,200,1,الموقع الرسمي لوزارة الطاقة والمياه,coverage_or_branch,coverage_or_branch,ar,,,hdnRootFldr|hdnRootFldr|hidden;cmbMinistriesSites|cmbMinistriesSites;txtGlobalKeywords|txtGlobalKeywords|البحث|text,SRC-MEW-AR-DEPARTMENTS,SRC-MEW-DGI,official_candidate,medium,2026-05-31,
WPI-0064,MEW,https://www.energyandwater.gov.lb/ar/details/100374/%D8%A7%D9%84%D9%85%D8%B1%D9%83%D8%B2-%D8%A7%D9%84%D9%84%D8%A8%D9%86%D8%A7%D9%86%D9%8A-%D9%84%D8%AD%D9%81%D8%B8-%D8%A7%D9%84%D8%B7%D8%A7%D9%82%D8%A9,200,1,الموقع الرسمي لوزارة الطاقة والمياه | المركز اللبناني لحفظ الطاقة,coverage_or_branch,coverage_or_branch,ar,,,hdnRootFldr|hdnRootFldr|hidden;cmbMinistriesSites|cmbMinistriesSites;txtGlobalKeywords|txtGlobalKeywords|البحث|text,SRC-MEW-100374-D8-A7-D9-84-D9-85-D8-B1-D9-83,SRC-MEW-DGI,official_candidate,medium,2026-05-31,
WPI-0065,MEW,https://www.energyandwater.gov.lb/ar/associations,200,1,الموقع الرسمي لوزارة الطاقة والمياه,forms_or_documents,forms_or_documents;service_request;projects_or_irrigation,ar,,,hdnRootFldr|hdnRootFldr|hidden;cmbMinistriesSites|cmbMinistriesSites;txtGlobalKeywords|txtGlobalKeywords|البحث|text,SRC-MEW-AR-ASSOCIATIONS,SRC-MEW-DGI,official_candidate,medium,2026-05-31,
WPI-0066,MEW,https://www.energyandwater.gov.lb/ar/claims,200,1,الموقع الرسمي لوزارة الطاقة والمياه,forms_or_documents,forms_or_documents;service_request;legal_or_mandate;projects_or_irrigation,ar,,,hdnRootFldr|hdnRootFldr|hidden;cmbMinistriesSites|cmbMinistriesSites;txtGlobalKeywords|txtGlobalKeywords|البحث|text;hdnAction|hdnAction|hidden;txtFirstName|txtFirstName|الاسم|text;txtFatherName|txtFatherName|اسم الأب|text;txtLastName|txtLastName|الشهرة|text;txtAddress|txtAddress|العنوان الكامل|text;txtPhone|txtPhone|رقم الهاتف|tel;txtMobile|txtMobile|رقم الخليوي|tel;txtEmail|txtEmail|البريد الكتروني|email;rdoConfidentiality|rdoConfidentialityRemove|radio;rdoConfidentiality|rdoConfidentialityKeep|radio;chkViolationTypes[]|chkViolationTypes1|checkbox;chkViolationTypes[]|chkViolationTypes2|checkbox;chkViolationTypes[]|chkViolationTypes3|checkbox;chkViolationTypes[]|chkViolationTypes4|checkbox;chkViolationTypes[]|chkViolationTypes5|checkbox;txtOtherViolations|txtOtherViolations|مخالفات أخرى - الرجاء التحديد;txtViolationExtraInfo|txtViolationExtraInfo|(*) رقم المعاملة، تاريخ ومكان تسجيلها:|text,SRC-MEW-AR-CLAIMS,SRC-MEW-DGI,official_candidate,medium,2026-05-31,
WPI-0067,MEW,https://www.energyandwater.gov.lb/ar/details/100364/%D9%88%D8%B2%D8%A7%D8%B1%D8%A9-%D8%A7%D9%84%D8%B7%D8%A7%D9%82%D8%A9-%D9%88%D8%A7%D9%84%D9%85%D9%8A%D8%A7%D9%87-1495109979,200,1,الموقع الرسمي لوزارة الطاقة والمياه | وزارة الطاقة والمياه,forms_or_documents,forms_or_documents;service_request;legal_or_mandate;projects_or_irrigation,ar,,,hdnRootFldr|hdnRootFldr|hidden;cmbMinistriesSites|cmbMinistriesSites;txtGlobalKeywords|txtGlobalKeywords|البحث|text,SRC-MEW-100364-D9-88-D8-B2-D8-A7-D8-B1-D8-A9,SRC-MEW-DGI,official_candidate,medium,2026-05-31,
WPI-0068,MEW,https://www.energyandwater.gov.lb/ar/details/100365/%D8%B5%D9%84%D8%A7%D8%AD%D9%8A%D8%A7%D8%AA-%D9%88%D9%85%D9%87%D8%A7%D9%85-%D9%88%D8%B2%D8%A7%D8%B1%D8%A9-%D8%A7%D9%84%D8%B7%D8%A7%D9%82%D8%A9-%D9%88%D8%A7%D9%84%D9%85%D9%8A%D8%A7%D9%87,200,1,الموقع الرسمي لوزارة الطاقة والمياه | صلاحيات ومهام وزارة الطاقة والمياه,forms_or_documents,forms_or_documents;service_request;water_quality;legal_or_mandate;projects_or_irrigation,ar,,,hdnRootFldr|hdnRootFldr|hidden;cmbMinistriesSites|cmbMinistriesSites;txtGlobalKeywords|txtGlobalKeywords|البحث|text,SRC-MEW-100365-D8-B5-D9-84-D8-A7-D8-AD-D9-8A,SRC-MEW-DGI,official_candidate,medium,2026-05-31,
WPI-0069,MEW,https://www.energyandwater.gov.lb/ar/details/100366/%D9%88%D8%B2%D9%8A%D8%B1-%D8%A7%D9%84%D8%B7%D8%A7%D9%82%D8%A9-%D9%88%D8%A7%D9%84%D9%85%D9%8A%D8%A7%D9%87,200,1,الموقع الرسمي لوزارة الطاقة والمياه | وزير الطاقة والمياه,forms_or_documents,forms_or_documents;service_request;legal_or_mandate;projects_or_irrigation,ar,,,hdnRootFldr|hdnRootFldr|hidden;cmbMinistriesSites|cmbMinistriesSites;txtGlobalKeywords|txtGlobalKeywords|البحث|text,SRC-MEW-100366-D9-88-D8-B2-D9-8A-D8-B1-D8-A7,SRC-MEW-DGI,official_candidate,medium,2026-05-31,
WPI-0070,MEW,https://www.energyandwater.gov.lb/ar/details/100500/%D8%A7%D9%84%D8%B3%D9%8A%D8%B1%D8%A9-%D8%A7%D9%84%D8%B0%D8%A7%D8%AA%D9%8A%D8%A9-%D9%84%D9%88%D8%B2%D9%8A%D8%B1-%D8%A7%D9%84%D8%B7%D8%A7%D9%82%D8%A9-%D9%88%D8%A7%D9%84%D9%85%D9%8A%D8%A7%D9%87,200,1,الموقع الرسمي لوزارة الطاقة والمياه | السيرة الذاتية لوزير الطاقة والمياه,forms_or_documents,forms_or_documents;service_request;legal_or_mandate;projects_or_irrigation,ar,1995;1997,,hdnRootFldr|hdnRootFldr|hidden;cmbMinistriesSites|cmbMinistriesSites;txtGlobalKeywords|txtGlobalKeywords|البحث|text,SRC-MEW-100500-D8-A7-D9-84-D8-B3-D9-8A-D8-B1,SRC-MEW-DGI,official_candidate,medium,2026-05-31,
WPI-0071,MEW,https://www.energyandwater.gov.lb/ar/details/100605/water-and-food-security-2018-2040-1592915478,200,1,الموقع الرسمي لوزارة الطاقة والمياه | Water and Food Security 2018-2040,forms_or_documents,forms_or_documents;service_request;legal_or_mandate;projects_or_irrigation,ar,,,hdnRootFldr|hdnRootFldr|hidden;cmbMinistriesSites|cmbMinistriesSites;txtGlobalKeywords|txtGlobalKeywords|البحث|text,SRC-MEW-100605-WATER-AND-FOOD-SECURITY-2018-,SRC-MEW-DGI,official_candidate,medium,2026-05-31,
WPI-0072,MEW,https://www.energyandwater.gov.lb/ar/details/100883/%D8%A7%D9%84%D8%AE%D8%B7%D8%A9-%D8%A7%D9%84%D9%88%D8%B7%D9%86%D9%8A%D8%A9-%D9%84%D9%84%D9%86%D9%87%D9%88%D8%B6-%D8%A7%D9%84%D9%85%D8%B3%D8%AA%D8%AF%D8%A7%D9%85-%D8%A8%D9%82%D8%B7%D8%A7%D8%B9-%D8%A7%D9%84%D9%83%D9%87%D8%B1%D8%A8%D8%A7-%D9%81%D9%8A-%D9%84%D8%A8%D9%86%D8%A7%D9%86,200,1,الموقع الرسمي لوزارة الطاقة والمياه | الخطة الوطنية للنهوض المستدام بقطاع الكهرباء في لبنان,forms_or_documents,forms_or_documents;service_request;legal_or_mandate;projects_or_irrigation,ar,,,hdnRootFldr|hdnRootFldr|hidden;cmbMinistriesSites|cmbMinistriesSites;txtGlobalKeywords|txtGlobalKeywords|البحث|text,SRC-MEW-100883-D8-A7-D9-84-D8-AE-D8-B7-D8-A9,SRC-MEW-DGI,official_candidate,medium,2026-05-31,
WPI-0073,MEW,https://www.energyandwater.gov.lb/ar/details/100886/lebanon-electricity-services-emergency-support-project-p177846-1692577811,200,1,الموقع الرسمي لوزارة الطاقة والمياه | Lebanon Electricity Services Emergency Support Project (P177846),forms_or_documents,forms_or_documents;service_request;legal_or_mandate;projects_or_irrigation,ar,,,hdnRootFldr|hdnRootFldr|hidden;cmbMinistriesSites|cmbMinistriesSites;txtGlobalKeywords|txtGlobalKeywords|البحث|text,SRC-MEW-100886-LEBANON-ELECTRICITY-SERVICES-,SRC-MEW-DGI,official_candidate,medium,2026-05-31,
WPI-0074,MEW,https://www.energyandwater.gov.lb/ar/details/100888/engagement-of-independent-verification-agent-iva-reference-no-moew-428-3-2022,200,1,"الموقع الرسمي لوزارة الطاقة والمياه | Engagement of Independent Verification Agent (IVA), Reference No.: MoEW/428/3/2022",forms_or_documents,forms_or_documents;service_request;legal_or_mandate;projects_or_irrigation,ar,,,hdnRootFldr|hdnRootFldr|hidden;cmbMinistriesSites|cmbMinistriesSites;txtGlobalKeywords|txtGlobalKeywords|البحث|text,SRC-MEW-100888-ENGAGEMENT-OF-INDEPENDENT-VER,SRC-MEW-DGI,official_candidate,medium,2026-05-31,
WPI-0075,MEW,https://www.energyandwater.gov.lb/ar/details/100889/engagement-of-independent-verification-agent-iva-reference-no-moew-428-5-2022,200,1,"الموقع الرسمي لوزارة الطاقة والمياه | Engagement of Independent Verification Agent (IVA), Reference No.: MoEW/428/5/2022",forms_or_documents,forms_or_documents;service_request;legal_or_mandate;projects_or_irrigation,ar,,,hdnRootFldr|hdnRootFldr|hidden;cmbMinistriesSites|cmbMinistriesSites;txtGlobalKeywords|txtGlobalKeywords|البحث|text,SRC-MEW-100889-ENGAGEMENT-OF-INDEPENDENT-VER,SRC-MEW-DGI,official_candidate,medium,2026-05-31,
WPI-0076,MEW,https://www.energyandwater.gov.lb/ar/details/100933/%D9%85%D8%AA%D8%A7%D8%A8%D8%B9%D8%A9-%D8%B7%D9%84%D8%A8%D8%A7%D8%AA-%D8%B1%D8%AE%D8%B5-%D8%A7%D9%84%D8%A7%D8%A8%D8%A7%D8%B1-%D8%A7%D9%84%D8%AC%D9%88%D9%81%D9%8A%D8%A9,200,1,الموقع الرسمي لوزارة الطاقة والمياه | متابعة طلبات رخص الابار الجوفية,forms_or_documents,forms_or_documents,ar,,,hdnRootFldr|hdnRootFldr|hidden;cmbMinistriesSites|cmbMinistriesSites;txtGlobalKeywords|txtGlobalKeywords|البحث|text,SRC-MEW-100933-D9-85-D8-AA-D8-A7-D8-A8-D8-B9,SRC-MEW-DGI,official_candidate,medium,2026-05-31,
WPI-0077,MEW,https://www.energyandwater.gov.lb/ar/details/101117/%D8%A7%D9%84%D8%B5%D8%AF%D9%8A-%D8%AA%D8%A3%D9%87%D9%8A%D9%84-%D8%AE%D8%B7-%D8%A7%D9%84%D8%A7%D9%86%D8%A7%D8%A8%D9%8A%D8%A8-%D8%A7%D9%84%D8%B9%D8%B1%D8%A8%D9%8A-%D9%81%D9%8A-%D8%A7%D9%84%D8%AC%D8%A7%D9%86%D8%A8-%D8%A7%D9%84%D9%84%D8%A8%D9%86%D8%A7%D9%86%D9%8A-%D8%B6%D9%85%D9%86-%D9%85%D8%B3%D8%A7%D8%B1-%D8%A7%D9%84%D8%A7%D9%86%D8%AA%D9%82%D8%A7%D9%84-%D9%84%D8%A7%D9%86%D8%AA%D8%A7%D8%AC-%D8%A7%D9%84%D8%B7%D8%A7%D9%82%D8%A9-%D8%B9%D9%84%D9%89-%D8%A7%D9%84%D8%BA%D8%A7%D8%B2,200,1,الموقع الرسمي لوزارة الطاقة والمياه | الصدي: تأهيل خط الانابيب العربي في الجانب اللبناني ضمن مسار الانتقال لانتاج الطاقة على الغاز,forms_or_documents,forms_or_documents;service_request;projects_or_irrigation,ar,,,hdnRootFldr|hdnRootFldr|hidden;cmbMinistriesSites|cmbMinistriesSites;txtGlobalKeywords|txtGlobalKeywords|البحث|text,SRC-MEW-101117-D8-A7-D9-84-D8-B5-D8-AF-D9-8A,SRC-MEW-DGI,official_candidate,medium,2026-05-31,
WPI-0078,MEW,https://www.energyandwater.gov.lb/ar/details/101118/%D8%A7%D9%84%D8%B7%D8%A7%D9%82%D8%A9-%D9%84%D8%A7-%D9%87%D8%AF%D8%B1-%D9%81%D9%8A-%D9%86%D8%A7%D9%82%D9%84%D8%A9-%D8%A7%D9%84%D9%86%D9%81%D8%B7-BASILIS-L-%D8%A8%D9%84-%D8%B5%D8%B9%D9%88%D8%A8%D8%A7%D8%AA-%D8%AC%D8%B1%D8%A7-%D8%AA%D8%AF%D8%A7%D8%B9%D9%8A%D8%A7%D8%AA-%D8%A7%D9%84%D8%AD%D8%B1%D8%A8,200,1,"الموقع الرسمي لوزارة الطاقة والمياه | ‏""الطاقة"": لا هدر في ناقلة النفط ""BASILIS L"" بل صعوبات جراء تداعيات الحرب",forms_or_documents,forms_or_documents;service_request;projects_or_irrigation,ar,,,hdnRootFldr|hdnRootFldr|hidden;cmbMinistriesSites|cmbMinistriesSites;txtGlobalKeywords|txtGlobalKeywords|البحث|text,SRC-MEW-101118-D8-A7-D9-84-D8-B7-D8-A7-D9-82,SRC-MEW-DGI,official_candidate,medium,2026-05-31,
WPI-0079,MEW,https://www.energyandwater.gov.lb/ar/details/99834/%D8%B3%D9%8A%D8%B1%D8%A9-%D8%B0%D8%A7%D8%AA%D9%8A%D8%A9,200,1,الموقع الرسمي لوزارة الطاقة والمياه | المدير العام للموارد المائية والكهربائية: سيرة ذاتية,forms_or_documents,forms_or_documents;service_request;legal_or_mandate;projects_or_irrigation,ar,1960;1987;1993;1999,gdher@terra.net.lb,hdnRootFldr|hdnRootFldr|hidden;cmbMinistriesSites|cmbMinistriesSites;txtGlobalKeywords|txtGlobalKeywords|البحث|text,SRC-MEW-99834-D8-B3-D9-8A-D8-B1-D8-A9-D8-B0-,SRC-MEW-DGI,official_candidate,medium,2026-05-31,
WPI-0080,MEW,https://www.energyandwater.gov.lb/ar/details/99852/%D9%87%D9%8A%D8%A6%D8%A9-%D8%A5%D8%AF%D8%A7%D8%B1%D8%A9-%D9%82%D8%B7%D8%A7%D8%B9-%D8%A7%D9%84%D8%A8%D8%AA%D8%B1%D9%88%D9%84,200,1,الموقع الرسمي لوزارة الطاقة والمياه | هيئة إدارة قطاع البترول,forms_or_documents,forms_or_documents;service_request;legal_or_mandate;projects_or_irrigation,ar,,,hdnRootFldr|hdnRootFldr|hidden;cmbMinistriesSites|cmbMinistriesSites;txtGlobalKeywords|txtGlobalKeywords|البحث|text,SRC-MEW-99852-D9-87-D9-8A-D8-A6-D8-A9-D8-A5-,SRC-MEW-DGI,official_candidate,medium,2026-05-31,
WPI-0081,MEW,https://www.energyandwater.gov.lb/ar/faq,200,1,الموقع الرسمي لوزارة الطاقة والمياه,forms_or_documents,forms_or_documents;service_request;projects_or_irrigation,ar,,,hdnRootFldr|hdnRootFldr|hidden;cmbMinistriesSites|cmbMinistriesSites;txtGlobalKeywords|txtGlobalKeywords|البحث|text,SRC-MEW-AR-FAQ,SRC-MEW-DGI,official_candidate,medium,2026-05-31,
WPI-0082,MEW,https://www.energyandwater.gov.lb/ar/home,200,1,الموقع الرسمي لوزارة الطاقة والمياه,forms_or_documents,forms_or_documents;service_request;projects_or_irrigation,ar,,,hdnRootFldr|hdnRootFldr|hidden;cmbMinistriesSites|cmbMinistriesSites;txtGlobalKeywords|txtGlobalKeywords|البحث|text,SRC-MEW-AR-HOME,SRC-MEW-DGI,official_candidate,medium,2026-05-31,
WPI-0083,MEW,https://www.energyandwater.gov.lb/ar/listing/awareness-campaigns/electricity?l=3,200,1,الموقع الرسمي لوزارة الطاقة والمياه | حملات توعية,forms_or_documents,forms_or_documents;service_request;projects_or_irrigation,ar,,,hdnRootFldr|hdnRootFldr|hidden;cmbMinistriesSites|cmbMinistriesSites;txtGlobalKeywords|txtGlobalKeywords|البحث|text;hdnListingLayout|hidden;txtFilterKeywords|txtFilterKeywords|البحث|text;cmbCategories|cmbCategories,SRC-MEW-AWARENESS-CAMPAIGNS-ELECTRICITY,SRC-MEW-DGI,official_candidate,medium,2026-05-31,
WPI-0084,MEW,https://www.energyandwater.gov.lb/ar/listing/awareness-campaigns/petrolium?l=3,200,1,الموقع الرسمي لوزارة الطاقة والمياه | حملات توعية,forms_or_documents,forms_or_documents;service_request;projects_or_irrigation,ar,,,hdnRootFldr|hdnRootFldr|hidden;cmbMinistriesSites|cmbMinistriesSites;txtGlobalKeywords|txtGlobalKeywords|البحث|text;hdnListingLayout|hidden;txtFilterKeywords|txtFilterKeywords|البحث|text;cmbCategories|cmbCategories,SRC-MEW-AWARENESS-CAMPAIGNS-PETROLIUM,SRC-MEW-DGI,official_candidate,medium,2026-05-31,
WPI-0085,MEW,https://www.energyandwater.gov.lb/ar/listing/awareness-campaigns/saving-energy?l=3,200,1,الموقع الرسمي لوزارة الطاقة والمياه | حملات توعية,forms_or_documents,forms_or_documents;service_request;projects_or_irrigation,ar,,,hdnRootFldr|hdnRootFldr|hidden;cmbMinistriesSites|cmbMinistriesSites;txtGlobalKeywords|txtGlobalKeywords|البحث|text;hdnListingLayout|hidden;txtFilterKeywords|txtFilterKeywords|البحث|text;cmbCategories|cmbCategories,SRC-MEW-AWARENESS-CAMPAIGNS-SAVING-ENERGY,SRC-MEW-DGI,official_candidate,medium,2026-05-31,
WPI-0086,MEW,https://www.energyandwater.gov.lb/ar/listing/awareness-campaigns/water?l=3,200,1,الموقع الرسمي لوزارة الطاقة والمياه | حملات توعية,forms_or_documents,forms_or_documents;service_request;projects_or_irrigation,ar,,,hdnRootFldr|hdnRootFldr|hidden;cmbMinistriesSites|cmbMinistriesSites;txtGlobalKeywords|txtGlobalKeywords|البحث|text;hdnListingLayout|hidden;txtFilterKeywords|txtFilterKeywords|البحث|text;cmbCategories|cmbCategories,SRC-MEW-AWARENESS-CAMPAIGNS-WATER,SRC-MEW-DGI,official_candidate,medium,2026-05-31,
WPI-0087,MEW,https://www.energyandwater.gov.lb/ar/listing/bids?l=4,200,1,الموقع الرسمي لوزارة الطاقة والمياه | تصنيف,forms_or_documents,forms_or_documents;service_request;projects_or_irrigation,ar,,,hdnRootFldr|hdnRootFldr|hidden;cmbMinistriesSites|cmbMinistriesSites;txtGlobalKeywords|txtGlobalKeywords|البحث|text;hdnListingLayout|hidden;txtFilterKeywords|txtFilterKeywords|البحث|text;hdnCategoryId|hidden,SRC-MEW-LISTING-BIDS,SRC-MEW-DGI,official_candidate,medium,2026-05-31,
WPI-0088,MEW,https://www.energyandwater.gov.lb/ar/listing/e-services/e-formulaires?l=4,200,1,الموقع الرسمي لوزارة الطاقة والمياه | الخدمات الالكترونية,forms_or_documents,forms_or_documents,ar,,,hdnRootFldr|hdnRootFldr|hidden;cmbMinistriesSites|cmbMinistriesSites;txtGlobalKeywords|txtGlobalKeywords|البحث|text;hdnListingLayout|hidden;txtFilterKeywords|txtFilterKeywords|البحث|text;hdnCategoryId|hidden,SRC-MEW-E-SERVICES-E-FORMULAIRES,SRC-MEW-DGI,official_candidate,medium,2026-05-31,
WPI-0089,MEW,https://www.energyandwater.gov.lb/ar/listing/e-services/guidlines?l=4,200,1,الموقع الرسمي لوزارة الطاقة والمياه | الخدمات الالكترونية,forms_or_documents,forms_or_documents;service_request;projects_or_irrigation,ar,,,hdnRootFldr|hdnRootFldr|hidden;cmbMinistriesSites|cmbMinistriesSites;txtGlobalKeywords|txtGlobalKeywords|البحث|text;hdnListingLayout|hidden;txtFilterKeywords|txtFilterKeywords|البحث|text;hdnCategoryId|hidden,SRC-MEW-E-SERVICES-GUIDLINES,SRC-MEW-DGI,official_candidate,medium,2026-05-31,
WPI-0090,MEW,https://www.energyandwater.gov.lb/ar/listing/e-services/regulations?l=4,200,1,الموقع الرسمي لوزارة الطاقة والمياه | الخدمات الالكترونية,forms_or_documents,forms_or_documents;service_request;projects_or_irrigation,ar,,,hdnRootFldr|hdnRootFldr|hidden;cmbMinistriesSites|cmbMinistriesSites;txtGlobalKeywords|txtGlobalKeywords|البحث|text;hdnListingLayout|hidden;txtFilterKeywords|txtFilterKeywords|البحث|text;hdnCategoryId|hidden,SRC-MEW-E-SERVICES-REGULATIONS,SRC-MEW-DGI,official_candidate,medium,2026-05-31,
WPI-0091,MEW,https://www.energyandwater.gov.lb/ar/listing/national-dams?l=3,200,1,الموقع الرسمي لوزارة الطاقة والمياه | السدود الوطنية,forms_or_documents,forms_or_documents;service_request;projects_or_irrigation,ar,,,hdnRootFldr|hdnRootFldr|hidden;cmbMinistriesSites|cmbMinistriesSites;txtGlobalKeywords|txtGlobalKeywords|البحث|text;hdnListingLayout|hidden;txtFilterKeywords|txtFilterKeywords|البحث|text;hdnCategoryId|hidden;cmbRegions|cmbRegions,SRC-MEW-LISTING-NATIONAL-DAMS,SRC-MEW-DGI,official_candidate,medium,2026-05-31,
WPI-0092,MEW,https://www.energyandwater.gov.lb/ar/ministers,200,1,الموقع الرسمي لوزارة الطاقة والمياه,forms_or_documents,forms_or_documents;service_request;projects_or_irrigation,ar,,,hdnRootFldr|hdnRootFldr|hidden;cmbMinistriesSites|cmbMinistriesSites;txtGlobalKeywords|txtGlobalKeywords|البحث|text,SRC-MEW-AR-MINISTERS,SRC-MEW-DGI,official_candidate,medium,2026-05-31,
WPI-0093,MEW,https://www.energyandwater.gov.lb/ar/prices?type=1,200,1,الموقع الرسمي لوزارة الطاقة والمياه,forms_or_documents,forms_or_documents;service_request;projects_or_irrigation,ar,,,hdnRootFldr|hdnRootFldr|hidden;cmbMinistriesSites|cmbMinistriesSites;txtGlobalKeywords|txtGlobalKeywords|البحث|text;hdnPriceTypeId|hdnPriceTypeId|hidden;txtFromDate|txtFromDate|من تاريخ|text;txtToDate|txtToDate|إلى تاريخ|text,SRC-MEW-AR-PRICES,SRC-MEW-DGI,official_candidate,medium,2026-05-31,
WPI-0094,MEW,https://www.energyandwater.gov.lb/ar/prices?type=2,200,1,الموقع الرسمي لوزارة الطاقة والمياه,forms_or_documents,forms_or_documents;service_request;projects_or_irrigation,ar,,,hdnRootFldr|hdnRootFldr|hidden;cmbMinistriesSites|cmbMinistriesSites;txtGlobalKeywords|txtGlobalKeywords|البحث|text;hdnPriceTypeId|hdnPriceTypeId|hidden;txtFromDate|txtFromDate|من تاريخ|text;txtToDate|txtToDate|إلى تاريخ|text,SRC-MEW-AR-PRICES,SRC-MEW-DGI,official_candidate,medium,2026-05-31,
WPI-0095,MEW,https://www.energyandwater.gov.lb/ar/prices?type=3,200,1,الموقع الرسمي لوزارة الطاقة والمياه,forms_or_documents,forms_or_documents;service_request;projects_or_irrigation,ar,,,hdnRootFldr|hdnRootFldr|hidden;cmbMinistriesSites|cmbMinistriesSites;txtGlobalKeywords|txtGlobalKeywords|البحث|text;hdnPriceTypeId|hdnPriceTypeId|hidden;txtFromDate|txtFromDate|من تاريخ|text;txtToDate|txtToDate|إلى تاريخ|text,SRC-MEW-AR-PRICES,SRC-MEW-DGI,official_candidate,medium,2026-05-31,
WPI-0096,MEW,https://www.energyandwater.gov.lb/ar/prices?type=4,200,1,الموقع الرسمي لوزارة الطاقة والمياه,forms_or_documents,forms_or_documents;service_request;projects_or_irrigation,ar,,,hdnRootFldr|hdnRootFldr|hidden;cmbMinistriesSites|cmbMinistriesSites;txtGlobalKeywords|txtGlobalKeywords|البحث|text;hdnPriceTypeId|hdnPriceTypeId|hidden;txtFromDate|txtFromDate|من تاريخ|text;txtToDate|txtToDate|إلى تاريخ|text,SRC-MEW-AR-PRICES,SRC-MEW-DGI,official_candidate,medium,2026-05-31,
WPI-0097,MEW,https://www.energyandwater.gov.lb/ar/prices?type=5,200,1,الموقع الرسمي لوزارة الطاقة والمياه,forms_or_documents,forms_or_documents;service_request;projects_or_irrigation,ar,,,hdnRootFldr|hdnRootFldr|hidden;cmbMinistriesSites|cmbMinistriesSites;txtGlobalKeywords|txtGlobalKeywords|البحث|text;hdnPriceTypeId|hdnPriceTypeId|hidden;txtFromDate|txtFromDate|من تاريخ|text;txtToDate|txtToDate|إلى تاريخ|text,SRC-MEW-AR-PRICES,SRC-MEW-DGI,official_candidate,medium,2026-05-31,
WPI-0098,MEW,https://www.energyandwater.gov.lb/ar/register-business,200,1,الموقع الرسمي لوزارة الطاقة والمياه,forms_or_documents,forms_or_documents;service_request;projects_or_irrigation,ar,,,hdnRootFldr|hdnRootFldr|hidden;cmbMinistriesSites|cmbMinistriesSites;txtGlobalKeywords|txtGlobalKeywords|البحث|text;hdnCategoryId|hidden;txtCompanyName|txtCompanyName|اسم الشركة*|text;txtFirstName|txtFirstName|الشخص المسؤول*|text;txtEmail|txtEmail|البريد الإلكتروني*|email;txtPhone|txtPhone|هاتف*|tel;cmbCountry|cmbCountry;hdnSubject|hidden;txtMessage|txtMessage|الرسالة,SRC-MEW-AR-REGISTER-BUSINESS,SRC-MEW-DGI,official_candidate,medium,2026-05-31,
WPI-0099,MEW,https://www.energyandwater.gov.lb/ar/timeline,200,1,الموقع الرسمي لوزارة الطاقة والمياه |,forms_or_documents,forms_or_documents;service_request;projects_or_irrigation,ar,,,hdnRootFldr|hdnRootFldr|hidden;cmbMinistriesSites|cmbMinistriesSites;txtGlobalKeywords|txtGlobalKeywords|البحث|text,SRC-MEW-AR-TIMELINE,SRC-MEW-DGI,official_candidate,medium,2026-05-31,
WPI-0100,MEW,https://www.energyandwater.gov.lb/ar/useful-links,200,1,الموقع الرسمي لوزارة الطاقة والمياه,forms_or_documents,forms_or_documents;service_request;projects_or_irrigation,ar,,,hdnRootFldr|hdnRootFldr|hidden;cmbMinistriesSites|cmbMinistriesSites;txtGlobalKeywords|txtGlobalKeywords|البحث|text,SRC-MEW-AR-USEFUL-LINKS,SRC-MEW-DGI,official_candidate,medium,2026-05-31,
WPI-0101,MEW,https://www.energyandwater.gov.lb/ar/details/100368/%D8%A7%D9%84%D9%85%D8%AF%D9%8A%D8%B1%D9%8A%D8%A9-%D8%A7%D9%84%D8%B9%D8%A7%D9%85%D8%A9-%D9%84%D9%84%D9%85%D9%88%D8%A7%D8%B1%D8%AF-%D8%A7%D9%84%D9%85%D8%A7%D8%A6%D9%8A%D8%A9-%D9%88%D8%A7%D9%84%D9%83%D9%87%D8%B1%D8%A8%D8%A7%D8%A6%D9%8A%D8%A9,200,1,الموقع الرسمي لوزارة الطاقة والمياه | المديرية العامة للموارد المائية والكهربائية,projects_or_irrigation,projects_or_irrigation,ar,,,hdnRootFldr|hdnRootFldr|hidden;cmbMinistriesSites|cmbMinistriesSites;txtGlobalKeywords|txtGlobalKeywords|البحث|text,SRC-MEW-100368-D8-A7-D9-84-D9-85-D8-AF-D9-8A,SRC-MEW-DGI,official_candidate,medium,2026-05-31,
WPI-0102,MEW,https://www.energyandwater.gov.lb/ar/details/100373/%D9%87%D9%8A%D8%A6%D8%A7%D8%AA-%D9%88%D9%85%D8%B4%D8%A7%D8%B1%D9%8A%D8%B9-%D9%85%D8%A7%D8%A6%D9%8A%D8%A9-%D9%88%D8%B7%D8%A7%D9%82%D8%A7%D9%88%D9%8A%D8%A9,200,1,الموقع الرسمي لوزارة الطاقة والمياه | هيئات ومشاريع مائية وطاقاوية,projects_or_irrigation,projects_or_irrigation,ar,,,hdnRootFldr|hdnRootFldr|hidden;cmbMinistriesSites|cmbMinistriesSites;txtGlobalKeywords|txtGlobalKeywords|البحث|text,SRC-MEW-100373-D9-87-D9-8A-D8-A6-D8-A7-D8-AA,SRC-MEW-DGI,official_candidate,medium,2026-05-31,
WPI-0103,MEW,https://www.energyandwater.gov.lb/ar/details/101119/%D8%B9%D9%85%D8%A7%D9%86-%D8%AA%D8%AD%D8%AA%D8%B6%D9%86-%D9%84%D9%82%D8%A7-%D8%A3%D8%B1%D8%AF%D9%86%D9%8A-%D8%B3%D9%88%D8%B1%D9%8A-%D9%84%D8%A8%D9%86%D8%A7%D9%86%D9%8A-%D9%84%D8%AA%D8%B9%D8%B2%D9%8A%D8%B2-%D8%A7%D9%84%D8%B1%D8%A8%D8%B7-%D8%A7%D9%84%D9%83%D9%87%D8%B1%D8%A8%D8%A7%D8%A6%D9%8A-%D9%88%D8%AA%D8%A8%D8%A7%D8%AF%D9%84-%D8%A7%D9%84%D8%BA%D8%A7%D8%B2-%D8%A8%D9%8A%D9%86-%D8%A7%D9%84%D8%A8%D9%84%D8%AF%D8%A7%D9%86,200,1,الموقع الرسمي لوزارة الطاقة والمياه | عمان تحتضن لقاء أردني سوري لبناني لتعزيز الربط الكهربائي وتبادل الغاز بين البلدان,projects_or_irrigation,projects_or_irrigation,ar,,,hdnRootFldr|hdnRootFldr|hidden;cmbMinistriesSites|cmbMinistriesSites;txtGlobalKeywords|txtGlobalKeywords|البحث|text,SRC-MEW-101119-D8-B9-D9-85-D8-A7-D9-86-D8-AA,SRC-MEW-DGI,official_candidate,medium,2026-05-31,
WPI-0104,MEW,https://www.energyandwater.gov.lb/ar/details/99806/%D8%A7%D9%84%D9%85%D8%AF%D9%8A%D8%B1%D9%8A-%D8%A9-%D8%A7%D9%84%D8%B9%D8%A7%D9%85%D8%A9-%D9%84%D9%84%D9%86%D9%81%D8%B7,200,1,الموقع الرسمي لوزارة الطاقة والمياه | المديريّة العامة للنفط,projects_or_irrigation,projects_or_irrigation,ar,1974;1994,,hdnRootFldr|hdnRootFldr|hidden;cmbMinistriesSites|cmbMinistriesSites;txtGlobalKeywords|txtGlobalKeywords|البحث|text,SRC-MEW-99806-D8-A7-D9-84-D9-85-D8-AF-D9-8A-,SRC-MEW-DGI,official_candidate,medium,2026-05-31,
WPI-0105,MEW,https://www.energyandwater.gov.lb/ar/details/99832/%D8%A7%D9%84%D9%85%D8%AF%D9%8A%D8%B1%D9%8A-%D8%A9-%D8%A7%D9%84%D8%B9%D8%A7%D9%85%D8%A9-%D9%84%D9%84%D9%85%D9%88%D8%A7%D8%B1%D8%AF-%D8%A7%D9%84%D9%85%D8%A7%D8%A6%D9%8A-%D8%A9-%D9%88%D8%A7%D9%84%D9%83%D9%87%D8%B1%D8%A8%D8%A7%D8%A6%D9%8A-%D8%A9,200,1,الموقع الرسمي لوزارة الطاقة والمياه | المديريّة العامة للموارد المائيّة والكهربائيّة,projects_or_irrigation,projects_or_irrigation,ar,,,hdnRootFldr|hdnRootFldr|hidden;cmbMinistriesSites|cmbMinistriesSites;txtGlobalKeywords|txtGlobalKeywords|البحث|text,SRC-MEW-99832-D8-A7-D9-84-D9-85-D8-AF-D9-8A-,SRC-MEW-DGI,official_candidate,medium,2026-05-31,
WPI-0106,MEW,https://www.energyandwater.gov.lb/ar/details/99835/%D8%A7%D9%84%D8%AE%D8%B7%D8%A9-%D8%A7%D9%84%D8%B9%D8%B4%D8%B1%D9%8A%D8%A9-%D9%84%D9%84%D9%85%D8%AF%D9%8A%D8%B1%D9%8A%D8%A9-%D8%A7%D9%84%D8%B9%D8%A7%D9%85%D8%A9,200,1,الموقع الرسمي لوزارة الطاقة والمياه | الخطة العشرية للمديرية العامة,projects_or_irrigation,projects_or_irrigation,ar,1999;1933,,hdnRootFldr|hdnRootFldr|hidden;cmbMinistriesSites|cmbMinistriesSites;txtGlobalKeywords|txtGlobalKeywords|البحث|text,SRC-MEW-99835-D8-A7-D9-84-D8-AE-D8-B7-D8-A9-,SRC-MEW-DGI,official_candidate,medium,2026-05-31,
WPI-0107,MEW,https://www.energyandwater.gov.lb/ar/listing/projects?l=3,200,1,الموقع الرسمي لوزارة الطاقة والمياه | مشاريع الوزارة,projects_or_irrigation,projects_or_irrigation,ar,,,hdnRootFldr|hdnRootFldr|hidden;cmbMinistriesSites|cmbMinistriesSites;txtGlobalKeywords|txtGlobalKeywords|البحث|text;hdnListingLayout|hidden;txtFilterKeywords|txtFilterKeywords|البحث|text;hdnCategoryId|hidden;cmbRegions|cmbRegions,SRC-MEW-LISTING-PROJECTS,SRC-MEW-DGI,official_candidate,medium,2026-05-31,
WPI-0108,NLWE,https://eeln.gov.lb/en/about/,200,0,about,about,about,en_or_latin,7420/200,,s|search-field|Search...|search,SRC-NLWE-ABOUT,SRC-NLWE-ABOUT,existing_source,high,2026-05-31,
WPI-0109,NLWE,https://eeln.gov.lb/en/contact/,200,0,contact,contact,contact,en_or_latin,06/ 430 075;06/ 350 341;06/ 690 095;06/ 460 726;06/ 491 146;06/ 642 020;06/ 651 012;06/ 660 347;06/ 672 260,comms@eeln.gov.lb,s|search-field|Search...|search;wpforms[fields][0]|wpforms-4357-field_0|Your Name|text;wpforms[fields][1]|wpforms-4357-field_1|Your E-mail|email;wpforms[fields][4]|wpforms-4357-field_4|Your Phone|number;wpforms[fields][2]|wpforms-4357-field_2|Your Message;wpforms[id]|hidden;page_title|hidden;page_url|hidden;url_referer|hidden;page_id|hidden;wpforms[post_id]|hidden,SRC-NLWE-CONTACT,SRC-NLWE-CONTACT,existing_source,high,2026-05-31,
WPI-0110,NLWE,https://eeln.gov.lb/en/contact/,200,1,contact,contact,contact,en_or_latin,06/ 430 075;06/ 350 341;06/ 690 095;06/ 460 726;06/ 491 146;06/ 642 020;06/ 651 012;06/ 660 347;06/ 672 260,comms@eeln.gov.lb,s|search-field|Search...|search;wpforms[fields][0]|wpforms-4357-field_0|Your Name|text;wpforms[fields][1]|wpforms-4357-field_1|Your E-mail|email;wpforms[fields][4]|wpforms-4357-field_4|Your Phone|number;wpforms[fields][2]|wpforms-4357-field_2|Your Message;wpforms[id]|hidden;page_title|hidden;page_url|hidden;url_referer|hidden;page_id|hidden;wpforms[post_id]|hidden,SRC-NLWE-EN-CONTACT,SRC-NLWE-HOME,existing_source,high,2026-05-31,
WPI-0111,NLWE,https://eeln.gov.lb/en/contact/,200,1,contact,contact,contact,en_or_latin,06/ 430 075;06/ 350 341;06/ 690 095;06/ 460 726;06/ 491 146;06/ 642 020;06/ 651 012;06/ 660 347;06/ 672 260,comms@eeln.gov.lb,s|search-field|Search...|search;wpforms[fields][0]|wpforms-4357-field_0|Your Name|text;wpforms[fields][1]|wpforms-4357-field_1|Your E-mail|email;wpforms[fields][4]|wpforms-4357-field_4|Your Phone|number;wpforms[fields][2]|wpforms-4357-field_2|Your Message;wpforms[id]|hidden;page_title|hidden;page_url|hidden;url_referer|hidden;page_id|hidden;wpforms[post_id]|hidden,SRC-NLWE-EN-CONTACT,SRC-NLWE-HOME,existing_source,high,2026-05-31,
WPI-0112,NLWE,https://eeln.gov.lb/en/customer-services/,200,0,customer-services,customer_service,customer_service,en_or_latin,1712,,s|search-field|Search...|search,SRC-NLWE-CUSTOMER-SERVICE,SRC-NLWE-CUSTOMER-SERVICE,existing_source,high,2026-05-31,
WPI-0113,NLWE,https://eeln.gov.lb/en/customer-services/,200,1,customer-services,customer_service,customer_service,en_or_latin,1712,,s|search-field|Search...|search,SRC-NLWE-EN-CUSTOMER-SERVICES,SRC-NLWE-HOME,existing_source,high,2026-05-31,
WPI-0114,NLWE,https://eeln.gov.lb/en/customer-services1/,200,0,customer-services1,customer_service,customer_service,en_or_latin,06/430075,,s|search-field|Search...|search,SRC-NLWE-SERVICE-REQUESTS,SRC-NLWE-SERVICE-REQUESTS,existing_source,high,2026-05-31,
WPI-0115,NLWE,https://eeln.gov.lb/en/home/,200,0,مؤسسة مياه لبنان الشمالي,forms_or_documents,forms_or_documents;service_request;water_quality;legal_or_mandate,en_or_latin,,,s|search-field|Search...|search;wpforms[fields][2]|wpforms-4645-field_2|Email|email;wpforms[id]|hidden;page_title|hidden;page_url|hidden;url_referer|hidden;page_id|hidden;wpforms[post_id]|hidden,SRC-NLWE-HOME,SRC-NLWE-HOME,existing_source,high,2026-05-31,
WPI-0116,NLWE,https://www.omt.com.lb/en/services/governmental/north-lebanon-water-establishment-nlwe,200,0,Governmental Services | OMT Lebanon,forms_or_documents,forms_or_documents;service_request,en_or_latin,+961 1 391 000,,langSelect,SRC-NLWE-OMT,SRC-NLWE-OMT,existing_source,high,2026-05-31,
WPI-0117,NLWE,https://eeln.gov.lb/about-ar/,200,1,about-ar,about,about,ar,7420/200,,s|search-field|بحث...|search,SRC-NLWE-ABOUT-AR,SRC-NLWE-ABOUT,low_signal_official_page,low,2026-05-31,
WPI-0118,NLWE,https://eeln.gov.lb/contactar/,200,1,contact-ar,contact,contact,ar,06/ 430 075;06 / 430 075;06/ 350 341;06/ 690 095;06/ 460 726;06/ 491 146;06/ 642 020;06/ 651 012;06/ 660 347;06/ 672 260,comms@eeln.gov.lb,s|search-field|بحث...|search;wpforms[fields][3]|wpforms-4584-field_3|text;wpforms[fields][1]|wpforms-4584-field_1|email;wpforms[fields][4]|wpforms-4584-field_4|text;wpforms[fields][2]|wpforms-4584-field_2;wpforms[id]|hidden;page_title|hidden;page_url|hidden;url_referer|hidden;page_id|hidden;wpforms[post_id]|hidden,SRC-NLWE-CONTACTAR,SRC-NLWE-CONTACT,official_candidate,medium,2026-05-31,
WPI-0119,NLWE,https://eeln.gov.lb/customer-services-ar/,200,1,customer-services-ar,customer_service,customer_service,ar,1712,,s|search-field|بحث...|search,SRC-NLWE-CUSTOMER-SERVICES-AR,SRC-NLWE-CUSTOMER-SERVICE,official_candidate,medium,2026-05-31,
WPI-0120,NLWE,https://eeln.gov.lb/customer-services1-ar/,200,1,customer-services1-ar,customer_service,customer_service,ar,06 / 430075,,s|search-field|بحث...|search,SRC-NLWE-CUSTOMER-SERVICES1-AR,SRC-NLWE-SERVICE-REQUESTS,official_candidate,medium,2026-05-31,
WPI-0121,NLWE,https://eeln.gov.lb/en/an-announcement-addressed-to-water-subscribers-in-the-city-of-tripoli-and-its-surrounding-areas/,200,1,An announcement addressed to water subscribers in the city of Tripoli and its surrounding areas.,customer_service,customer_service;news_or_notice,en_or_latin,,,s|search-field|Search...|search,SRC-NLWE-EN-AN-ANNOUNCEMENT-ADDRESSED-TO-WATE,SRC-NLWE-HOME,official_candidate,medium,2026-05-31,
WPI-0122,NLWE,https://eeln.gov.lb/en/posts/,200,1,Announcement for subscribers in Tripoli and Mina,customer_service,customer_service;news_or_notice,en_or_latin,,,s|search-field|Search...|search,SRC-NLWE-EN-POSTS,SRC-NLWE-HOME,official_candidate,medium,2026-05-31,
WPI-0123,NLWE,https://eeln.gov.lb/,200,1,مؤسسة مياه لبنان الشمالي,forms_or_documents,forms_or_documents;service_request;water_quality;legal_or_mandate;projects_or_irrigation,ar,,,s|search-field|بحث...|search;wpforms[fields][2]|wpforms-4655-field_2|البريد الالكتروني|email;wpforms[id]|hidden;page_title|hidden;page_url|hidden;url_referer|hidden;page_id|hidden;wpforms[post_id]|hidden,SRC-NLWE-HOME,SRC-NLWE-HOME,official_candidate,medium,2026-05-31,
WPI-0124,NLWE,https://eeln.gov.lb/en/eid-al-fitr/,200,1,Eid Al Fitr,forms_or_documents,forms_or_documents,en_or_latin,,,s|search-field|Search...|search,SRC-NLWE-EN-EID-AL-FITR,SRC-NLWE-HOME,official_candidate,medium,2026-05-31,
WPI-0125,NLWE,https://eeln.gov.lb/en/gallery/,200,1,Gallery,forms_or_documents,forms_or_documents,en_or_latin,,,s|search-field|Search...|search,SRC-NLWE-EN-GALLERY,SRC-NLWE-HOME,official_candidate,medium,2026-05-31,
WPI-0126,NLWE,https://eeln.gov.lb/en/happy-easter-2/,200,1,Happy Easter,forms_or_documents,forms_or_documents,en_or_latin,,,s|search-field|Search...|search,SRC-NLWE-EN-HAPPY-EASTER-2,SRC-NLWE-HOME,official_candidate,medium,2026-05-31,
WPI-0127,NLWE,https://eeln.gov.lb/en/happy-new-year-2/,200,1,Happy New Year,forms_or_documents,forms_or_documents,en_or_latin,,,s|search-field|Search...|search,SRC-NLWE-EN-HAPPY-NEW-YEAR-2,SRC-NLWE-HOME,official_candidate,medium,2026-05-31,
WPI-0128,NLWE,https://eeln.gov.lb/en/home-conservation/,200,1,home-conservation,forms_or_documents,forms_or_documents,en_or_latin,,,s|search-field|Search...|search,SRC-NLWE-EN-HOME-CONSERVATION,SRC-NLWE-HOME,official_candidate,medium,2026-05-31,
WPI-0129,NLWE,https://eeln.gov.lb/en/home-conservation/,200,1,home-conservation,forms_or_documents,forms_or_documents,en_or_latin,,,s|search-field|Search...|search,SRC-NLWE-EN-HOME-CONSERVATION,SRC-NLWE-HOME,official_candidate,medium,2026-05-31,
WPI-0130,NLWE,https://eeln.gov.lb/en/outdoor-conservation/,200,1,outdoor-conservation,forms_or_documents,forms_or_documents,en_or_latin,,,s|search-field|Search...|search,SRC-NLWE-EN-OUTDOOR-CONSERVATION,SRC-NLWE-HOME,official_candidate,medium,2026-05-31,
WPI-0131,NLWE,https://eeln.gov.lb/en/partners/,200,1,partners,forms_or_documents,forms_or_documents,en_or_latin,,,s|search-field|Search...|search,SRC-NLWE-EN-PARTNERS,SRC-NLWE-HOME,official_candidate,medium,2026-05-31,
WPI-0132,NLWE,https://eeln.gov.lb/en/world-water-day-2026/,200,1,World Water Day 2026,forms_or_documents,forms_or_documents;water_quality,en_or_latin,,,s|search-field|Search...|search,SRC-NLWE-EN-WORLD-WATER-DAY-2026,SRC-NLWE-HOME,official_candidate,medium,2026-05-31,
WPI-0133,SLWE,https://www.slwe.gov.lb/details.php?id=4&key=153900&lang=ar,200,0,مؤسسة مياه لبنان الجنوبي | نبذة عن المؤسسة,about,about,ar,,,hdnRootFldr|hdnRootFldr|hidden;txtGlobalKeywords|txtGlobalKeywords|البحث|text,SRC-SLWE-ABOUT,SRC-SLWE-ABOUT,existing_source,high,2026-05-31,
WPI-0134,SLWE,https://www.slwe.gov.lb/details.php?id=9&key=%D8%A7%D8%B3%D8%AA%D9%81%D8%B3%D8%A7%D8%B1-%D8%B9%D9%86-%D9%81%D8%A7%D8%AA%D9%88%D8%B1%D8%A9&lang=ar,200,0,مؤسسة مياه لبنان الجنوبي | استفسار عن فاتورة,billing_or_payment,billing_or_payment,ar,,,hdnRootFldr|hdnRootFldr|hidden;txtGlobalKeywords|txtGlobalKeywords|البحث|text,SRC-SLWE-BILLING,SRC-SLWE-BILLING,existing_source,high,2026-05-31,
WPI-0135,SLWE,https://www.slwe.gov.lb/contact.php?lang=ar,200,0,"مؤسسة مياه لبنان الجنوبي | slwe, lebanon, south lebanon water establishment, water, الجنوب, وزارة الطاقة",contact,contact,ar,1785;07-757000;07-420206;07-781725;07-530018;07-450006;07-830016;07-740196,,hdnRootFldr|hdnRootFldr|hidden;txtGlobalKeywords|txtGlobalKeywords|البحث|text;hdnCategoryId|hidden;txtFirstName|txtFirstName|الاسم*|text;txtLastName|txtLastName|اسم العائلة*|text;txtEmail|txtEmail|البريد الإلكتروني|email;txtPhone|txtPhone|هاتف*|tel;txtSubject|txtSubject|الموضوع *|text;txtMessage|txtMessage|الرسالة*,SRC-SLWE-CONTACT,SRC-SLWE-CONTACT,existing_source,high,2026-05-31,
WPI-0136,SLWE,https://www.omt.com.lb/en/services/governmental/south-lebanon-water-establishment,200,0,Governmental Services | OMT Lebanon,forms_or_documents,forms_or_documents;service_request,en_or_latin,+961 1 391 000,,langSelect,SRC-SLWE-OMT,SRC-SLWE-OMT,existing_source,high,2026-05-31,
WPI-0137,SLWE,https://www.slwe.gov.lb/,200,0,"مؤسسة مياه لبنان الجنوبي | slwe, lebanon, south lebanon water establishment, water, الجنوب, وزارة الطاقة",forms_or_documents,forms_or_documents;service_request;water_quality;legal_or_mandate;projects_or_irrigation,ar,,,hdnRootFldr|hdnRootFldr|hidden;txtGlobalKeywords|txtGlobalKeywords|البحث|text,SRC-SLWE-HOME,SRC-SLWE-HOME,existing_source,high,2026-05-31,
WPI-0138,SLWE,https://www.slwe.gov.lb/details.php?id=3&key=%D8%A7%D9%84%D8%A8%D9%8A%D8%A7%D9%86-%D8%A7%D9%84%D9%82%D8%A7%D9%86%D9%88%D9%86%D9%8A&lang=ar,200,0,مؤسسة مياه لبنان الجنوبي | الأنظمة و القوانين,forms_or_documents,forms_or_documents;legal_or_mandate;projects_or_irrigation,ar,1758;1957,,hdnRootFldr|hdnRootFldr|hidden;txtGlobalKeywords|txtGlobalKeywords|البحث|text,SRC-SLWE-LEGAL,SRC-SLWE-LEGAL,existing_source,high,2026-05-31,
WPI-0139,SLWE,https://www.slwe.gov.lb/details.php?id=8&key=%D9%85%D9%82%D8%AF%D9%85%D8%A9&lang=ar,200,0,مؤسسة مياه لبنان الجنوبي | مقدمة,forms_or_documents,forms_or_documents;projects_or_irrigation,ar,1785,,hdnRootFldr|hdnRootFldr|hidden;txtGlobalKeywords|txtGlobalKeywords|البحث|text,SRC-SLWE-CUSTOMER-SERVICE,SRC-SLWE-CUSTOMER-SERVICE,existing_source,high,2026-05-31,
WPI-0140,SLWE,https://www.slwe.gov.lb/listing.php?pcat=newsroom&cat=announcements&lang=ar,200,1,مؤسسة مياه لبنان الجنوبي | الأخبار,news_or_notice,news_or_notice,ar,,,hdnRootFldr|hdnRootFldr|hidden;txtGlobalKeywords|txtGlobalKeywords|البحث|text;txtFilterKeywords|txtFilterKeywords|البحث|text;cmbCategories|cmbCategories,SRC-SLWE-LISTING-PHP,SRC-SLWE-HOME,low_signal_official_page,low,2026-05-31,
WPI-0141,SLWE,https://www.slwe.gov.lb/listing.php?pcat=newsroom&cat=news&lang=ar,200,1,مؤسسة مياه لبنان الجنوبي | الأخبار,news_or_notice,news_or_notice,ar,,,hdnRootFldr|hdnRootFldr|hidden;txtGlobalKeywords|txtGlobalKeywords|البحث|text;txtFilterKeywords|txtFilterKeywords|البحث|text;cmbCategories|cmbCategories,SRC-SLWE-LISTING-PHP,SRC-SLWE-HOME,low_signal_official_page,low,2026-05-31,
WPI-0142,SLWE,https://www.slwe.gov.lb/listing.php?pcat=newsroom&cat=publications&lang=ar,200,1,مؤسسة مياه لبنان الجنوبي | الأخبار,news_or_notice,news_or_notice,ar,,,hdnRootFldr|hdnRootFldr|hidden;txtGlobalKeywords|txtGlobalKeywords|البحث|text;txtFilterKeywords|txtFilterKeywords|البحث|text;cmbCategories|cmbCategories,SRC-SLWE-LISTING-PHP,SRC-SLWE-HOME,low_signal_official_page,low,2026-05-31,
WPI-0143,SLWE,https://slwe.gov.lb/payapi/enter_customer_no.php,200,1,إدخال الرقم الآلي,billing_or_payment,billing_or_payment,ar,1785,info@slwe.gov.lb,customer_no|مثال: 123456|text;service_center,SRC-SLWE-PAYAPI-ENTER-CUSTOMER-NO-PHP,SRC-SLWE-HOME,official_candidate,medium,2026-05-31,
WPI-0144,SLWE,https://www.slwe.gov.lb/details.php?id=277&key=%D8%AE%D8%AF%D9%85%D8%A9-%D8%A7%D9%84%D8%AF%D9%81%D8%B9-%D8%A7%D9%84%D8%A5%D9%84%D9%83%D8%AA%D8%B1%D9%88%D9%86%D9%8A&lang=ar,200,1,مؤسسة مياه لبنان الجنوبي | خدمة الدفع الإلكتروني,billing_or_payment,billing_or_payment,ar,,,hdnRootFldr|hdnRootFldr|hidden;txtGlobalKeywords|txtGlobalKeywords|البحث|text,SRC-SLWE-DETAILS-PHP,SRC-SLWE-HOME,official_candidate,medium,2026-05-31,
WPI-0145,SLWE,https://www.slwe.gov.lb/details.php?id=96&key=Epayment-%D8%A7%D9%84%D8%AF%D9%81%D8%B9-%D8%A7%D9%84%D8%A7%D9%84%D9%83%D8%AA%D8%B1%D9%88%D9%86%D9%8A&lang=ar,200,1,مؤسسة مياه لبنان الجنوبي | الدفع الالكتروني | Epayment,billing_or_payment,billing_or_payment,ar,,,hdnRootFldr|hdnRootFldr|hidden;txtGlobalKeywords|txtGlobalKeywords|البحث|text,SRC-SLWE-DETAILS-PHP,SRC-SLWE-HOME,official_candidate,medium,2026-05-31,
WPI-0146,SLWE,https://slwe.gov.lb/register_visit.php,200,1,تسجيل دخول المشترك,customer_service,customer_service,ar,1785,,full_name|text;phone|text;customer_number|text;property_number|text;service_center|service_center,SRC-SLWE-REGISTER-VISIT-PHP,SRC-SLWE-BILLING,official_candidate,medium,2026-05-31,
WPI-0147,SLWE,https://www.slwe.gov.lb/listing.php?pcat=customer-service&cat=eformulaires&lang=ar,200,1,مؤسسة مياه لبنان الجنوبي | خدمة الزبائن,customer_service,customer_service;forms_or_documents,ar,,,hdnRootFldr|hdnRootFldr|hidden;txtGlobalKeywords|txtGlobalKeywords|البحث|text;txtFilterKeywords|txtFilterKeywords|البحث|text;cmbCategories|cmbCategories,SRC-SLWE-LISTING-PHP,SRC-SLWE-HOME,official_candidate,medium,2026-05-31,
WPI-0148,SLWE,https://www.slwe.gov.lb/listing.php?pcat=customer-service&cat=guidlines&lang=ar,200,1,مؤسسة مياه لبنان الجنوبي | خدمة الزبائن,customer_service,customer_service,ar,,,hdnRootFldr|hdnRootFldr|hidden;txtGlobalKeywords|txtGlobalKeywords|البحث|text;txtFilterKeywords|txtFilterKeywords|البحث|text;cmbCategories|cmbCategories,SRC-SLWE-LISTING-PHP,SRC-SLWE-HOME,official_candidate,medium,2026-05-31,
WPI-0149,SLWE,https://www.slwe.gov.lb/register_visit.php,200,1,تسجيل دخول المشترك,customer_service,customer_service,ar,1785,,full_name|text;phone|text;customer_number|text;property_number|text;service_center|service_center,SRC-SLWE-REGISTER-VISIT-PHP,SRC-SLWE-HOME,official_candidate,medium,2026-05-31,
WPI-0150,SLWE,https://www.slwe.gov.lb/details.php?id=1&key=%D8%A7%D9%84%D8%B1%D8%A6%D9%8A%D8%B3-%D8%A7%D9%84%D9%85%D8%AF%D9%8A%D8%B1-%D8%A7%D9%84%D8%B9%D8%A7%D9%85-%D8%A7%D9%84%D8%AF%D9%83%D8%AA%D9%88%D8%B1-%D9%88%D8%B3%D9%8A%D9%85-%D8%B6%D8%A7%D9%87%D8%B1&lang=ar,200,1,مؤسسة مياه لبنان الجنوبي | الرئيس | المدير العام الدكتور وسيم ضاهر,forms_or_documents,forms_or_documents;service_request;projects_or_irrigation,ar,,,hdnRootFldr|hdnRootFldr|hidden;txtGlobalKeywords|txtGlobalKeywords|البحث|text,SRC-SLWE-DETAILS-PHP,SRC-SLWE-HOME,official_candidate,medium,2026-05-31,
WPI-0151,SLWE,https://www.slwe.gov.lb/details.php?id=2&key=9693149&lang=ar,200,1,مؤسسة مياه لبنان الجنوبي | من نحن,forms_or_documents,forms_or_documents;legal_or_mandate;projects_or_irrigation,ar,,,hdnRootFldr|hdnRootFldr|hidden;txtGlobalKeywords|txtGlobalKeywords|البحث|text,SRC-SLWE-DETAILS-PHP,SRC-SLWE-HOME,official_candidate,medium,2026-05-31,
WPI-0152,SLWE,https://www.slwe.gov.lb/details.php?id=213&key=%D8%A7%D8%B3%D8%AA%D8%B7%D9%84%D8%A7%D8%B9%D8%A7%D8%AA-%D8%A7%D9%84%D8%B1%D8%A3%D9%8A&lang=ar,200,1,مؤسسة مياه لبنان الجنوبي | استطلاعات الرأي,forms_or_documents,forms_or_documents;projects_or_irrigation,ar,,,hdnRootFldr|hdnRootFldr|hidden;txtGlobalKeywords|txtGlobalKeywords|البحث|text,SRC-SLWE-DETAILS-PHP,SRC-SLWE-HOME,official_candidate,medium,2026-05-31,
WPI-0153,SLWE,https://www.slwe.gov.lb/details.php?id=219&key=%D8%AA%D8%B9%D9%84%D9%8A%D9%85%D8%A7%D8%AA-%D8%AD%D9%88%D9%84-%D8%AA%D8%B1%D8%B4%D9%8A%D8%AF-%D8%A7%D8%B3%D8%AA%D9%87%D9%84%D8%A7%D9%83-%D8%A7%D9%84%D9%85%D9%8A%D8%A7%D9%87&lang=ar,200,1,مؤسسة مياه لبنان الجنوبي | تعليمات حول ترشيد استهلاك المياه,forms_or_documents,forms_or_documents;projects_or_irrigation,ar,,,hdnRootFldr|hdnRootFldr|hidden;txtGlobalKeywords|txtGlobalKeywords|البحث|text,SRC-SLWE-DETAILS-PHP,SRC-SLWE-HOME,official_candidate,medium,2026-05-31,
WPI-0154,SLWE,https://www.slwe.gov.lb/details.php?id=221&key=%D8%AA%D8%B9%D9%84%D9%8A%D9%85%D8%A7%D8%AA-%D8%AD%D9%88%D9%84-%D8%AA%D8%B1%D8%B4%D9%8A%D8%AF-%D8%A7%D8%B3%D8%AA%D9%87%D9%84%D8%A7%D9%83-%D8%A7%D9%84%D9%85%D9%8A%D8%A7%D9%87-1761039991&lang=ar,200,1,مؤسسة مياه لبنان الجنوبي | تعليمات حول ترشيد استهلاك المياه,forms_or_documents,forms_or_documents;projects_or_irrigation,ar,,,hdnRootFldr|hdnRootFldr|hidden;txtGlobalKeywords|txtGlobalKeywords|البحث|text,SRC-SLWE-DETAILS-PHP,SRC-SLWE-HOME,official_candidate,medium,2026-05-31,
WPI-0155,SLWE,https://www.slwe.gov.lb/details.php?id=222&key=%D8%AA%D8%B9%D9%84%D9%8A%D9%85%D8%A7%D8%AA-%D8%AD%D9%88%D9%84-%D8%AA%D8%B1%D8%B4%D9%8A%D8%AF-%D8%A7%D8%B3%D8%AA%D9%87%D9%84%D8%A7%D9%83-%D8%A7%D9%84%D9%85%D9%8A%D8%A7%D9%87-1761040061&lang=ar,200,1,مؤسسة مياه لبنان الجنوبي | تعليمات حول ترشيد استهلاك المياه,forms_or_documents,forms_or_documents;projects_or_irrigation,ar,,,hdnRootFldr|hdnRootFldr|hidden;txtGlobalKeywords|txtGlobalKeywords|البحث|text,SRC-SLWE-DETAILS-PHP,SRC-SLWE-HOME,official_candidate,medium,2026-05-31,
WPI-0156,SLWE,https://www.slwe.gov.lb/details.php?id=223&key=%D9%85%D8%A7-%D9%85%D8%B9%D9%86%D9%89-%D8%AA%D8%B1%D8%B4%D9%8A%D8%AF-%D8%A7%D8%B3%D8%AA%D9%87%D9%84%D8%A7%D9%83-%D8%A7%D9%84%D9%85%D9%8A%D8%A7%D9%87&lang=ar,200,1,مؤسسة مياه لبنان الجنوبي | ما معنى ترشيد استهلاك المياه؟,forms_or_documents,forms_or_documents;projects_or_irrigation,ar,,,hdnRootFldr|hdnRootFldr|hidden;txtGlobalKeywords|txtGlobalKeywords|البحث|text,SRC-SLWE-DETAILS-PHP,SRC-SLWE-HOME,official_candidate,medium,2026-05-31,
WPI-0157,SLWE,https://www.slwe.gov.lb/details.php?id=23&key=%D8%A7%D9%84%D8%A5%D8%AC%D8%A7%D8%A8%D8%A9-%D8%B9%D9%84%D9%89-%D8%A3%D8%B3%D8%A6%D9%84%D8%AA%D9%83%D9%85&lang=ar,200,1,مؤسسة مياه لبنان الجنوبي | الإجابة على أسئلتكم,forms_or_documents,forms_or_documents;service_request;water_quality;legal_or_mandate;projects_or_irrigation,ar,,,hdnRootFldr|hdnRootFldr|hidden;txtGlobalKeywords|txtGlobalKeywords|البحث|text,SRC-SLWE-DETAILS-PHP,SRC-SLWE-HOME,official_candidate,medium,2026-05-31,
WPI-0158,SLWE,https://www.slwe.gov.lb/details.php?id=272&key=%D8%A7%D9%81%D8%AA%D8%AA%D8%A7%D8%AD-%D9%85%D8%B4%D8%B1%D9%88%D8%B9-%D9%85%D8%AF-%D8%B4%D8%A8%D9%83%D8%A9-%D9%85%D9%8A%D8%A7%D9%87-%D8%AD%D8%A7%D9%88%D9%88%D8%B2-%D8%A3%D8%A8%D9%88%D8%A7%D8%A8-%D8%A7%D9%84%D8%B1%D9%88%D8%B3-%D9%81%D9%8A-%D8%A8%D9%84%D8%AF%D8%A9-%D8%B4%D9%82%D8%B1%D8%A7-%D9%88-%D8%AF%D9%88%D8%A8%D9%8A%D9%87&lang=ar,200,1,مؤسسة مياه لبنان الجنوبي | افتتاح مشروع مد شبكة مياه حاووز أبواب الروس في بلدة شقرا و دوبيه,forms_or_documents,forms_or_documents;projects_or_irrigation,ar,,,hdnRootFldr|hdnRootFldr|hidden;txtGlobalKeywords|txtGlobalKeywords|البحث|text,SRC-SLWE-DETAILS-PHP,SRC-SLWE-HOME,official_candidate,medium,2026-05-31,
WPI-0159,SLWE,https://www.slwe.gov.lb/details.php?id=273&key=erp-%D9%85%D9%86%D8%A7%D9%82%D8%B5%D8%A9-%D8%AA%D8%AD%D8%AF%D9%8A%D8%AB-%D9%86%D8%B8%D8%A7%D9%85-%D8%A7%D9%84&lang=ar,200,1,مؤسسة مياه لبنان الجنوبي | مناقصة تمديد شبكات مائية في عين قنيا,forms_or_documents,forms_or_documents;service_request;projects_or_irrigation,ar,,,hdnRootFldr|hdnRootFldr|hidden;txtGlobalKeywords|txtGlobalKeywords|البحث|text,SRC-SLWE-DETAILS-PHP,SRC-SLWE-HOME,official_candidate,medium,2026-05-31,
WPI-0160,SLWE,https://www.slwe.gov.lb/details.php?id=38&key=%D8%B7%D8%B1%D9%82-%D8%A7%D9%84%D9%85%D8%AD%D8%A7%D9%81%D8%B8%D8%A9-%D8%B9%D9%84%D9%89-%D8%A7%D9%84%D9%85%D9%8A%D8%A7%D9%87&lang=ar,200,1,مؤسسة مياه لبنان الجنوبي | طرق المحافظة على المياه,forms_or_documents,forms_or_documents;legal_or_mandate;projects_or_irrigation,ar,,,hdnRootFldr|hdnRootFldr|hidden;txtGlobalKeywords|txtGlobalKeywords|البحث|text,SRC-SLWE-DETAILS-PHP,SRC-SLWE-HOME,official_candidate,medium,2026-05-31,
WPI-0161,SLWE,https://www.slwe.gov.lb/details.php?id=39&key=%D9%85%D8%B9%D9%84%D9%88%D9%85%D8%A7%D8%AA-%D8%B9%D9%86-%D8%A7%D9%84%D9%85%D9%8A%D8%A7%D9%87&lang=ar,200,1,مؤسسة مياه لبنان الجنوبي | معلومات عن المياه,forms_or_documents,forms_or_documents;water_quality;projects_or_irrigation,ar,,,hdnRootFldr|hdnRootFldr|hidden;txtGlobalKeywords|txtGlobalKeywords|البحث|text,SRC-SLWE-DETAILS-PHP,SRC-SLWE-HOME,official_candidate,medium,2026-05-31,
WPI-0162,SLWE,https://www.slwe.gov.lb/faq.php?lang=ar,200,1,"مؤسسة مياه لبنان الجنوبي | slwe, lebanon, south lebanon water establishment, water, الجنوب, وزارة الطاقة",forms_or_documents,forms_or_documents;projects_or_irrigation,ar,,,hdnRootFldr|hdnRootFldr|hidden;txtGlobalKeywords|txtGlobalKeywords|البحث|text,SRC-SLWE-FAQ-PHP,SRC-SLWE-HOME,official_candidate,medium,2026-05-31,
WPI-0163,SLWE,https://www.slwe.gov.lb/index.php?lang=ar,200,1,"مؤسسة مياه لبنان الجنوبي | slwe, lebanon, south lebanon water establishment, water, الجنوب, وزارة الطاقة",forms_or_documents,forms_or_documents;service_request;water_quality;legal_or_mandate;projects_or_irrigation,ar,,,hdnRootFldr|hdnRootFldr|hidden;txtGlobalKeywords|txtGlobalKeywords|البحث|text,SRC-SLWE-INDEX-PHP,SRC-SLWE-HOME,official_candidate,medium,2026-05-31,
WPI-0164,SLWE,https://www.slwe.gov.lb/partners.php?cat=donors&lang=ar,200,1,"مؤسسة مياه لبنان الجنوبي | slwe, lebanon, south lebanon water establishment, water, الجنوب, وزارة الطاقة",forms_or_documents,forms_or_documents;projects_or_irrigation,ar,,,hdnRootFldr|hdnRootFldr|hidden;txtGlobalKeywords|txtGlobalKeywords|البحث|text;cmbPartnerCategories|cmbPartnerCategories,SRC-SLWE-PARTNERS-PHP,SRC-SLWE-HOME,official_candidate,medium,2026-05-31,
WPI-0165,SLWE,https://www.slwe.gov.lb/partners.php?cat=partners&lang=ar,200,1,"مؤسسة مياه لبنان الجنوبي | slwe, lebanon, south lebanon water establishment, water, الجنوب, وزارة الطاقة",forms_or_documents,forms_or_documents;projects_or_irrigation,ar,,,hdnRootFldr|hdnRootFldr|hidden;txtGlobalKeywords|txtGlobalKeywords|البحث|text;cmbPartnerCategories|cmbPartnerCategories,SRC-SLWE-PARTNERS-PHP,SRC-SLWE-HOME,official_candidate,medium,2026-05-31,
WPI-0166,SLWE,https://www.slwe.gov.lb/partners.php?lang=ar,200,1,"مؤسسة مياه لبنان الجنوبي | slwe, lebanon, south lebanon water establishment, water, الجنوب, وزارة الطاقة",forms_or_documents,forms_or_documents;projects_or_irrigation,ar,,,hdnRootFldr|hdnRootFldr|hidden;txtGlobalKeywords|txtGlobalKeywords|البحث|text;cmbPartnerCategories|cmbPartnerCategories,SRC-SLWE-PARTNERS-PHP,SRC-SLWE-HOME,official_candidate,medium,2026-05-31,
WPI-0167,SLWE,https://www.slwe.gov.lb/details.php?id=267&key=%D9%85%D9%86%D8%A7%D9%82%D8%B5%D8%A9-%D8%B9%D9%85%D9%88%D9%85%D9%8A%D8%A9-%D9%84%D8%B5%D9%8A%D8%A7%D9%86%D8%A9-%D9%85%D9%86%D8%B4-%D8%AA-%D9%85%D8%A4%D8%B3%D8%B3%D8%A9-%D9%85%D9%8A%D8%A7%D9%87-%D9%84%D8%A8%D9%86%D8%A7%D9%86-%D8%A7%D9%84%D8%AC%D9%86%D9%88%D8%A8%D9%8A&lang=ar,200,1,مؤسسة مياه لبنان الجنوبي | erp مناقصة تحديث نظام ال,legal_or_mandate,legal_or_mandate,ar,,,hdnRootFldr|hdnRootFldr|hidden;txtGlobalKeywords|txtGlobalKeywords|البحث|text,SRC-SLWE-DETAILS-PHP,SRC-SLWE-HOME,official_candidate,medium,2026-05-31,
WPI-0168,SLWE,https://www.slwe.gov.lb/details.php?id=274&key=%D9%85%D9%86%D8%A7%D9%82%D8%B5%D8%A9-%D8%AA%D8%AD%D8%AF%D9%8A%D8%AB-%D9%86%D8%B8%D8%A7%D9%85-%D8%A7%D9%84-erp&lang=ar,200,1,مؤسسة مياه لبنان الجنوبي | مناقصة تحديث نظام ال erp,legal_or_mandate,legal_or_mandate,ar,,,hdnRootFldr|hdnRootFldr|hidden;txtGlobalKeywords|txtGlobalKeywords|البحث|text,SRC-SLWE-DETAILS-PHP,SRC-SLWE-HOME,official_candidate,medium,2026-05-31,
WPI-0169,SLWE,https://www.slwe.gov.lb/listing.php?pcat=projects&cat=dev&lang=ar,200,1,مؤسسة مياه لبنان الجنوبي | المشاريع,projects_or_irrigation,projects_or_irrigation,ar,,,hdnRootFldr|hdnRootFldr|hidden;txtGlobalKeywords|txtGlobalKeywords|البحث|text;txtFilterKeywords|txtFilterKeywords|البحث|text;cmbCategories|cmbCategories;cmbPartners|cmbPartners,SRC-SLWE-LISTING-PHP,SRC-SLWE-HOME,official_candidate,medium,2026-05-31,
WPI-0170,SLWE,https://www.slwe.gov.lb/listing.php?pcat=projects&cat=eu-projects&lang=ar,200,1,مؤسسة مياه لبنان الجنوبي | المشاريع,projects_or_irrigation,projects_or_irrigation,ar,,,hdnRootFldr|hdnRootFldr|hidden;txtGlobalKeywords|txtGlobalKeywords|البحث|text;txtFilterKeywords|txtFilterKeywords|البحث|text;cmbCategories|cmbCategories;cmbPartners|cmbPartners,SRC-SLWE-LISTING-PHP,SRC-SLWE-HOME,official_candidate,medium,2026-05-31,
WPI-0171,SLWE,https://www.slwe.gov.lb/listing.php?pcat=projects&cat=german-projects&lang=ar,200,1,مؤسسة مياه لبنان الجنوبي | المشاريع,projects_or_irrigation,projects_or_irrigation,ar,,,hdnRootFldr|hdnRootFldr|hidden;txtGlobalKeywords|txtGlobalKeywords|البحث|text;txtFilterKeywords|txtFilterKeywords|البحث|text;cmbCategories|cmbCategories;cmbPartners|cmbPartners,SRC-SLWE-LISTING-PHP,SRC-SLWE-HOME,official_candidate,medium,2026-05-31,
WPI-0172,SLWE,https://www.slwe.gov.lb/listing.php?pcat=projects&cat=moew&lang=ar,200,1,مؤسسة مياه لبنان الجنوبي | المشاريع,projects_or_irrigation,projects_or_irrigation,ar,,,hdnRootFldr|hdnRootFldr|hidden;txtGlobalKeywords|txtGlobalKeywords|البحث|text;txtFilterKeywords|txtFilterKeywords|البحث|text;cmbCategories|cmbCategories;cmbPartners|cmbPartners,SRC-SLWE-LISTING-PHP,SRC-SLWE-HOME,official_candidate,medium,2026-05-31,
WPI-0173,SLWE,https://www.slwe.gov.lb/listing.php?pcat=projects&cat=parliament-projects&lang=ar,200,1,مؤسسة مياه لبنان الجنوبي | المشاريع,projects_or_irrigation,projects_or_irrigation,ar,,,hdnRootFldr|hdnRootFldr|hidden;txtGlobalKeywords|txtGlobalKeywords|البحث|text;txtFilterKeywords|txtFilterKeywords|البحث|text;cmbCategories|cmbCategories;cmbPartners|cmbPartners,SRC-SLWE-LISTING-PHP,SRC-SLWE-HOME,official_candidate,medium,2026-05-31,
WPI-0174,SLWE,https://www.slwe.gov.lb/listing.php?pcat=projects&cat=undp-projects&lang=ar,200,1,مؤسسة مياه لبنان الجنوبي | المشاريع,projects_or_irrigation,projects_or_irrigation,ar,,,hdnRootFldr|hdnRootFldr|hidden;txtGlobalKeywords|txtGlobalKeywords|البحث|text;txtFilterKeywords|txtFilterKeywords|البحث|text;cmbCategories|cmbCategories;cmbPartners|cmbPartners,SRC-SLWE-LISTING-PHP,SRC-SLWE-HOME,official_candidate,medium,2026-05-31,
WPI-0175,SLWE,https://www.slwe.gov.lb/listing.php?pcat=projects&cat=unicef-projects&lang=ar,200,1,مؤسسة مياه لبنان الجنوبي | المشاريع,projects_or_irrigation,projects_or_irrigation,ar,,,hdnRootFldr|hdnRootFldr|hidden;txtGlobalKeywords|txtGlobalKeywords|البحث|text;txtFilterKeywords|txtFilterKeywords|البحث|text;cmbCategories|cmbCategories;cmbPartners|cmbPartners,SRC-SLWE-LISTING-PHP,SRC-SLWE-HOME,official_candidate,medium,2026-05-31,
WPI-0176,SLWE,https://www.slwe.gov.lb/listing.php?pcat=projects&cat=usaid-projects&lang=ar,200,1,مؤسسة مياه لبنان الجنوبي | المشاريع,projects_or_irrigation,projects_or_irrigation,ar,,,hdnRootFldr|hdnRootFldr|hidden;txtGlobalKeywords|txtGlobalKeywords|البحث|text;txtFilterKeywords|txtFilterKeywords|البحث|text;cmbCategories|cmbCategories;cmbPartners|cmbPartners,SRC-SLWE-LISTING-PHP,SRC-SLWE-HOME,official_candidate,medium,2026-05-31,
WPI-0177,SLWE,https://www.slwe.gov.lb/listing.php?pcat=projects&lang=ar,200,1,مؤسسة مياه لبنان الجنوبي | المشاريع,projects_or_irrigation,projects_or_irrigation,ar,,,hdnRootFldr|hdnRootFldr|hidden;txtGlobalKeywords|txtGlobalKeywords|البحث|text;txtFilterKeywords|txtFilterKeywords|البحث|text;cmbCategories|cmbCategories;cmbPartners|cmbPartners,SRC-SLWE-LISTING-PHP,SRC-SLWE-HOME,official_candidate,medium,2026-05-31,
