review_id,entity_id,action,rank_score,reason,candidate_source_id,existing_source_match,page_kind,title,url,phone_candidates,email_candidates,form_fields,last_checked,notes
WSCR-0001,MEW,already_registered,100,kind=contact;has_meaningful_form_fields;has_contextual_phone;has_email;water_signal,SRC-MEW-AR-CONTACT,SRC-MEW-CONTACT,contact,الموقع الرسمي لوزارة الطاقة والمياه,https://www.energyandwater.gov.lb/ar/contact,01/565040;01/449639,minister@energyandwater.gov.lb,hdnRootFldr|hdnRootFldr|hidden;cmbMinistriesSites|cmbMinistriesSites;txtGlobalKeywords|txtGlobalKeywords|البحث|text;hdnCategoryId|hidden;txtFirstName|txtFirstName|الاسم*|text;txtLastName|txtLastName|اسم العائلة*|text;txtEmail|txtEmail|البريد الإلكتروني|email;txtPhone|txtPhone|هاتف*|tel;txtSubject|txtSubject|الموضوع *|text;txtMessage|txtMessage|الرسالة*,2026-05-31,
WSCR-0002,SLWE,already_registered,90,kind=contact;has_meaningful_form_fields;has_contextual_phone;water_signal,SRC-SLWE-CONTACT,SRC-SLWE-CONTACT,contact,"مؤسسة مياه لبنان الجنوبي | slwe, lebanon, south lebanon water establishment, water, الجنوب, وزارة الطاقة",https://www.slwe.gov.lb/contact.php?lang=ar,1785;07-757000;07-420206;07-781725;07-530018;07-450006;07-830016;07-740196,,hdnRootFldr|hdnRootFldr|hidden;txtGlobalKeywords|txtGlobalKeywords|البحث|text;hdnCategoryId|hidden;txtFirstName|txtFirstName|الاسم*|text;txtLastName|txtLastName|اسم العائلة*|text;txtEmail|txtEmail|البريد الإلكتروني|email;txtPhone|txtPhone|هاتف*|tel;txtSubject|txtSubject|الموضوع *|text;txtMessage|txtMessage|الرسالة*,2026-05-31,
WSCR-0003,BMLWE,already_registered,85,kind=contact;has_meaningful_form_fields;has_contextual_phone;has_email,SRC-BMLWE-CONTACT,SRC-BMLWE-CONTACT,contact,EBML | Contact Us,https://ebml.gov.lb/contactus.php?lang=en,1713;+961 1 386 760,info@ebml.gov.lb,fname|Name*|text;lname|Family Name*|text;phone|Phone Number*|text;address|Address*|text;country|Country*|text;gender|Gender*|text;email|Email*|text;message|Your Message;submit|submit;email|Email Address|text;full_name|Full Name|text;title|Title|text;formid|hidden;location|hidden;t|hidden;act|hidden,2026-05-31,
WSCR-0004,BMLWE,already_registered,85,kind=contact;has_meaningful_form_fields;has_contextual_phone;has_email,SRC-BMLWE-CONTACTUS-PHP,SRC-BMLWE-CONTACT,contact,EBML | Contact Us,https://ebml.gov.lb/contactus.php?lang=en&lang=ar,1713,info@ebml.gov.lb,fname|اسم*|text;lname|اسم العائلة*|text;phone|رقم الهاتف*|text;address|عنوان*|text;country|بلد*|text;gender|الجنس*|text;email|البريد الإلكتروني*|text;message|رسالتك;submit|submit;email|عنوان البريد الإلكتروني|text;full_name|الاسم الكامل|text;title|عنوان|text;formid|hidden;location|hidden;t|hidden;act|hidden,2026-05-31,
WSCR-0005,BMLWE,already_registered,85,kind=contact;has_meaningful_form_fields;has_contextual_phone;has_email,SRC-BMLWE-CONTACTUS-PHP,SRC-BMLWE-CONTACT,contact,EBML | Contact Us,https://ebml.gov.lb/contactus.php?lang=en&lang=en,1713;+961 1 386 760,info@ebml.gov.lb,fname|Name*|text;lname|Family Name*|text;phone|Phone Number*|text;address|Address*|text;country|Country*|text;gender|Gender*|text;email|Email*|text;message|Your Message;submit|submit;email|Email Address|text;full_name|Full Name|text;title|Title|text;formid|hidden;location|hidden;t|hidden;act|hidden,2026-05-31,
WSCR-0006,NLWE,already_registered,85,kind=contact;has_meaningful_form_fields;has_contextual_phone;has_email,SRC-NLWE-CONTACTAR,SRC-NLWE-CONTACT-AR,contact,contact-ar,https://eeln.gov.lb/contactar/,06/ 430 075;06 / 430 075;06/ 350 341;06/ 690 095;06/ 460 726;06/ 491 146;06/ 642 020;06/ 651 012;06/ 660 347;06/ 672 260,comms@eeln.gov.lb,s|search-field|بحث...|search;wpforms[fields][3]|wpforms-4584-field_3|text;wpforms[fields][1]|wpforms-4584-field_1|email;wpforms[fields][4]|wpforms-4584-field_4|text;wpforms[fields][2]|wpforms-4584-field_2;wpforms[id]|hidden;page_title|hidden;page_url|hidden;url_referer|hidden;page_id|hidden;wpforms[post_id]|hidden,2026-05-31,
WSCR-0007,NLWE,already_registered,85,kind=contact;has_meaningful_form_fields;has_contextual_phone;has_email,SRC-NLWE-CONTACT,SRC-NLWE-CONTACT,contact,contact,https://eeln.gov.lb/en/contact/,06/ 430 075;06/ 350 341;06/ 690 095;06/ 460 726;06/ 491 146;06/ 642 020;06/ 651 012;06/ 660 347;06/ 672 260,comms@eeln.gov.lb,s|search-field|Search...|search;wpforms[fields][0]|wpforms-4357-field_0|Your Name|text;wpforms[fields][1]|wpforms-4357-field_1|Your E-mail|email;wpforms[fields][4]|wpforms-4357-field_4|Your Phone|number;wpforms[fields][2]|wpforms-4357-field_2|Your Message;wpforms[id]|hidden;page_title|hidden;page_url|hidden;url_referer|hidden;page_id|hidden;wpforms[post_id]|hidden,2026-05-31,
WSCR-0008,NLWE,already_registered,85,kind=contact;has_meaningful_form_fields;has_contextual_phone;has_email,SRC-NLWE-EN-CONTACT,SRC-NLWE-CONTACT,contact,contact,https://eeln.gov.lb/en/contact/,06/ 430 075;06/ 350 341;06/ 690 095;06/ 460 726;06/ 491 146;06/ 642 020;06/ 651 012;06/ 660 347;06/ 672 260,comms@eeln.gov.lb,s|search-field|Search...|search;wpforms[fields][0]|wpforms-4357-field_0|Your Name|text;wpforms[fields][1]|wpforms-4357-field_1|Your E-mail|email;wpforms[fields][4]|wpforms-4357-field_4|Your Phone|number;wpforms[fields][2]|wpforms-4357-field_2|Your Message;wpforms[id]|hidden;page_title|hidden;page_url|hidden;url_referer|hidden;page_id|hidden;wpforms[post_id]|hidden,2026-05-31,
WSCR-0009,NLWE,already_registered,85,kind=contact;has_meaningful_form_fields;has_contextual_phone;has_email,SRC-NLWE-EN-CONTACT,SRC-NLWE-CONTACT,contact,contact,https://eeln.gov.lb/en/contact/,06/ 430 075;06/ 350 341;06/ 690 095;06/ 460 726;06/ 491 146;06/ 642 020;06/ 651 012;06/ 660 347;06/ 672 260,comms@eeln.gov.lb,s|search-field|Search...|search;wpforms[fields][0]|wpforms-4357-field_0|Your Name|text;wpforms[fields][1]|wpforms-4357-field_1|Your E-mail|email;wpforms[fields][4]|wpforms-4357-field_4|Your Phone|number;wpforms[fields][2]|wpforms-4357-field_2|Your Message;wpforms[id]|hidden;page_title|hidden;page_url|hidden;url_referer|hidden;page_id|hidden;wpforms[post_id]|hidden,2026-05-31,
WSCR-0010,SLWE,already_registered,85,kind=billing_or_payment;has_meaningful_form_fields;has_contextual_phone;has_email,SRC-SLWE-PAYAPI-ENTER-CUSTOMER-NO-PHP,SRC-SLWE-EPAYMENT,billing_or_payment,إدخال الرقم الآلي,https://slwe.gov.lb/payapi/enter_customer_no.php,1785,info@slwe.gov.lb,customer_no|مثال: 123456|text;service_center,2026-05-31,
WSCR-0011,LRA,already_registered,80,kind=projects_or_irrigation;has_meaningful_form_fields;water_signal,SRC-LRA-DEPOLLUTION-DEPOLLUTIONPROJECTS,SRC-LRA-DEPOLLUTION-PROJECTS,projects_or_irrigation,Depollution Projects,https://www.litani.gov.lb/en-us/depollution/depollutionprojects,7889238;4485223;3155695;1142229;8152212;01- 662112,,GLobalSearchText|Search....|text;GlobalSearchButton|button;DepollutionProjectTypes;searchtext|SearchText|Project Name|text;Sector;GeoLocation;Funder;DxDateFromInput|hidden;DxDateToInput|hidden;Status;Program;ExecutingAuthority;button,2026-05-31,
WSCR-0012,LRA,already_registered,80,kind=water_quality;has_meaningful_form_fields;water_signal,SRC-LRA-INDICATORS-INDICATORSWATERQUALITY,SRC-LRA-WATER-QUALITY,water_quality,Quality of water,https://www.litani.gov.lb/en-us/indicators/indicatorswaterquality,01- 662112,,GLobalSearchText|Search....|text;GlobalSearchButton|button;FactorType;Factor;DxDateFromInput|hidden;DxDateToInput|hidden;Basin;SamplePoint;loadchartbutton|button,2026-05-31,
WSCR-0013,MEW,already_registered,80,kind=coverage_or_branch;has_meaningful_form_fields;water_signal,SRC-MEW-AR-DEPARTMENTS,SRC-MEW-DEPARTMENTS,coverage_or_branch,الموقع الرسمي لوزارة الطاقة والمياه,https://www.energyandwater.gov.lb/ar/departments,,,hdnRootFldr|hdnRootFldr|hidden;cmbMinistriesSites|cmbMinistriesSites;txtGlobalKeywords|txtGlobalKeywords|البحث|text,2026-05-31,
WSCR-0014,MEW,already_registered,80,kind=projects_or_irrigation;has_meaningful_form_fields;water_signal,SRC-MEW-100373-D9-87-D9-8A-D8-A6-D8-A7-D8-AA,SRC-MEW-WATER-BODIES,projects_or_irrigation,الموقع الرسمي لوزارة الطاقة والمياه | هيئات ومشاريع مائية وطاقاوية,https://www.energyandwater.gov.lb/ar/details/100373/%D9%87%D9%8A%D8%A6%D8%A7%D8%AA-%D9%88%D9%85%D8%B4%D8%A7%D8%B1%D9%8A%D8%B9-%D9%85%D8%A7%D8%A6%D9%8A%D8%A9-%D9%88%D8%B7%D8%A7%D9%82%D8%A7%D9%88%D9%8A%D8%A9,,,hdnRootFldr|hdnRootFldr|hidden;cmbMinistriesSites|cmbMinistriesSites;txtGlobalKeywords|txtGlobalKeywords|البحث|text,2026-05-31,
WSCR-0015,MEW,review_later,80,kind=projects_or_irrigation;has_meaningful_form_fields;water_signal,SRC-MEW-99806-D8-A7-D9-84-D9-85-D8-AF-D9-8A-,,projects_or_irrigation,الموقع الرسمي لوزارة الطاقة والمياه | المديريّة العامة للنفط,https://www.energyandwater.gov.lb/ar/details/99806/%D8%A7%D9%84%D9%85%D8%AF%D9%8A%D8%B1%D9%8A-%D8%A9-%D8%A7%D9%84%D8%B9%D8%A7%D9%85%D8%A9-%D9%84%D9%84%D9%86%D9%81%D8%B7,1974;1994,,hdnRootFldr|hdnRootFldr|hidden;cmbMinistriesSites|cmbMinistriesSites;txtGlobalKeywords|txtGlobalKeywords|البحث|text,2026-05-31,
WSCR-0016,MEW,already_registered,80,kind=projects_or_irrigation;has_meaningful_form_fields;water_signal,SRC-MEW-DGI,SRC-MEW-DGI,projects_or_irrigation,الموقع الرسمي لوزارة الطاقة والمياه | المديرية العامة للإستثمار,https://www.energyandwater.gov.lb/ar/details/99833/%D8%A7%D9%84%D9%85%D8%AF%D8%B1%D9%8A-%D8%A9-%D8%A7%D9%84%D8%B9%D8%A7%D9%85%D8%A9-%D8%A7%D9%84%D8%A5%D8%B3%D8%AA%D8%AB%D9%85%D8%A7%D8%B1,1966;1972;1735;8803/200;5469/196;1735/200;1997,,hdnRootFldr|hdnRootFldr|hidden;cmbMinistriesSites|cmbMinistriesSites;txtGlobalKeywords|txtGlobalKeywords|البحث|text,2026-05-31,
WSCR-0017,MEW,review_later,80,kind=projects_or_irrigation;has_meaningful_form_fields;water_signal,SRC-MEW-99835-D8-A7-D9-84-D8-AE-D8-B7-D8-A9-,,projects_or_irrigation,الموقع الرسمي لوزارة الطاقة والمياه | الخطة العشرية للمديرية العامة,https://www.energyandwater.gov.lb/ar/details/99835/%D8%A7%D9%84%D8%AE%D8%B7%D8%A9-%D8%A7%D9%84%D8%B9%D8%B4%D8%B1%D9%8A%D8%A9-%D9%84%D9%84%D9%85%D8%AF%D9%8A%D8%B1%D9%8A%D8%A9-%D8%A7%D9%84%D8%B9%D8%A7%D9%85%D8%A9,1999;1933,,hdnRootFldr|hdnRootFldr|hidden;cmbMinistriesSites|cmbMinistriesSites;txtGlobalKeywords|txtGlobalKeywords|البحث|text,2026-05-31,
WSCR-0018,MEW,already_registered,80,kind=projects_or_irrigation;has_meaningful_form_fields;water_signal,SRC-MEW-LISTING-PROJECTS,SRC-MEW-PROJECTS,projects_or_irrigation,الموقع الرسمي لوزارة الطاقة والمياه | مشاريع الوزارة,https://www.energyandwater.gov.lb/ar/listing/projects?l=3,,,hdnRootFldr|hdnRootFldr|hidden;cmbMinistriesSites|cmbMinistriesSites;txtGlobalKeywords|txtGlobalKeywords|البحث|text;hdnListingLayout|hidden;txtFilterKeywords|txtFilterKeywords|البحث|text;hdnCategoryId|hidden;cmbRegions|cmbRegions,2026-05-31,
WSCR-0019,SLWE,already_registered,80,kind=billing_or_payment;has_meaningful_form_fields;water_signal,SRC-SLWE-DETAILS-PHP,SRC-SLWE-EPAYMENT-INSTRUCTIONS,billing_or_payment,مؤسسة مياه لبنان الجنوبي | خدمة الدفع الإلكتروني,https://www.slwe.gov.lb/details.php?id=277&key=%D8%AE%D8%AF%D9%85%D8%A9-%D8%A7%D9%84%D8%AF%D9%81%D8%B9-%D8%A7%D9%84%D8%A5%D9%84%D9%83%D8%AA%D8%B1%D9%88%D9%86%D9%8A&lang=ar,,,hdnRootFldr|hdnRootFldr|hidden;txtGlobalKeywords|txtGlobalKeywords|البحث|text,2026-05-31,
WSCR-0020,SLWE,already_registered,80,kind=billing_or_payment;has_meaningful_form_fields;water_signal,SRC-SLWE-BILLING,SRC-SLWE-BILLING,billing_or_payment,مؤسسة مياه لبنان الجنوبي | استفسار عن فاتورة,https://www.slwe.gov.lb/details.php?id=9&key=%D8%A7%D8%B3%D8%AA%D9%81%D8%B3%D8%A7%D8%B1-%D8%B9%D9%86-%D9%81%D8%A7%D8%AA%D9%88%D8%B1%D8%A9&lang=ar,,,hdnRootFldr|hdnRootFldr|hidden;txtGlobalKeywords|txtGlobalKeywords|البحث|text,2026-05-31,
WSCR-0021,SLWE,already_registered,80,kind=billing_or_payment;has_meaningful_form_fields;water_signal,SRC-SLWE-DETAILS-PHP,SRC-SLWE-EPAYMENT-OVERVIEW,billing_or_payment,مؤسسة مياه لبنان الجنوبي | الدفع الالكتروني | Epayment,https://www.slwe.gov.lb/details.php?id=96&key=Epayment-%D8%A7%D9%84%D8%AF%D9%81%D8%B9-%D8%A7%D9%84%D8%A7%D9%84%D9%83%D8%AA%D8%B1%D9%88%D9%86%D9%8A&lang=ar,,,hdnRootFldr|hdnRootFldr|hidden;txtGlobalKeywords|txtGlobalKeywords|البحث|text,2026-05-31,
WSCR-0022,SLWE,already_registered,80,kind=customer_service;has_meaningful_form_fields;water_signal,SRC-SLWE-LISTING-PHP,SRC-SLWE-CUSTOMER-FORMS,customer_service,مؤسسة مياه لبنان الجنوبي | خدمة الزبائن,https://www.slwe.gov.lb/listing.php?pcat=customer-service&cat=eformulaires&lang=ar,,,hdnRootFldr|hdnRootFldr|hidden;txtGlobalKeywords|txtGlobalKeywords|البحث|text;txtFilterKeywords|txtFilterKeywords|البحث|text;cmbCategories|cmbCategories,2026-05-31,
WSCR-0023,SLWE,already_registered,80,kind=customer_service;has_meaningful_form_fields;water_signal,SRC-SLWE-LISTING-PHP,SRC-SLWE-CUSTOMER-GUIDELINES,customer_service,مؤسسة مياه لبنان الجنوبي | خدمة الزبائن,https://www.slwe.gov.lb/listing.php?pcat=customer-service&cat=guidlines&lang=ar,,,hdnRootFldr|hdnRootFldr|hidden;txtGlobalKeywords|txtGlobalKeywords|البحث|text;txtFilterKeywords|txtFilterKeywords|البحث|text;cmbCategories|cmbCategories,2026-05-31,
WSCR-0024,SLWE,review_later,80,kind=projects_or_irrigation;has_meaningful_form_fields;water_signal,SRC-SLWE-LISTING-PHP,,projects_or_irrigation,مؤسسة مياه لبنان الجنوبي | المشاريع,https://www.slwe.gov.lb/listing.php?pcat=projects&cat=dev&lang=ar,,,hdnRootFldr|hdnRootFldr|hidden;txtGlobalKeywords|txtGlobalKeywords|البحث|text;txtFilterKeywords|txtFilterKeywords|البحث|text;cmbCategories|cmbCategories;cmbPartners|cmbPartners,2026-05-31,
WSCR-0025,SLWE,review_later,80,kind=projects_or_irrigation;has_meaningful_form_fields;water_signal,SRC-SLWE-LISTING-PHP,,projects_or_irrigation,مؤسسة مياه لبنان الجنوبي | المشاريع,https://www.slwe.gov.lb/listing.php?pcat=projects&cat=eu-projects&lang=ar,,,hdnRootFldr|hdnRootFldr|hidden;txtGlobalKeywords|txtGlobalKeywords|البحث|text;txtFilterKeywords|txtFilterKeywords|البحث|text;cmbCategories|cmbCategories;cmbPartners|cmbPartners,2026-05-31,
WSCR-0026,SLWE,review_later,80,kind=projects_or_irrigation;has_meaningful_form_fields;water_signal,SRC-SLWE-LISTING-PHP,,projects_or_irrigation,مؤسسة مياه لبنان الجنوبي | المشاريع,https://www.slwe.gov.lb/listing.php?pcat=projects&cat=german-projects&lang=ar,,,hdnRootFldr|hdnRootFldr|hidden;txtGlobalKeywords|txtGlobalKeywords|البحث|text;txtFilterKeywords|txtFilterKeywords|البحث|text;cmbCategories|cmbCategories;cmbPartners|cmbPartners,2026-05-31,
WSCR-0027,SLWE,review_later,80,kind=projects_or_irrigation;has_meaningful_form_fields;water_signal,SRC-SLWE-LISTING-PHP,,projects_or_irrigation,مؤسسة مياه لبنان الجنوبي | المشاريع,https://www.slwe.gov.lb/listing.php?pcat=projects&cat=moew&lang=ar,,,hdnRootFldr|hdnRootFldr|hidden;txtGlobalKeywords|txtGlobalKeywords|البحث|text;txtFilterKeywords|txtFilterKeywords|البحث|text;cmbCategories|cmbCategories;cmbPartners|cmbPartners,2026-05-31,
WSCR-0028,SLWE,review_later,80,kind=projects_or_irrigation;has_meaningful_form_fields;water_signal,SRC-SLWE-LISTING-PHP,,projects_or_irrigation,مؤسسة مياه لبنان الجنوبي | المشاريع,https://www.slwe.gov.lb/listing.php?pcat=projects&cat=parliament-projects&lang=ar,,,hdnRootFldr|hdnRootFldr|hidden;txtGlobalKeywords|txtGlobalKeywords|البحث|text;txtFilterKeywords|txtFilterKeywords|البحث|text;cmbCategories|cmbCategories;cmbPartners|cmbPartners,2026-05-31,
WSCR-0029,SLWE,review_later,80,kind=projects_or_irrigation;has_meaningful_form_fields;water_signal,SRC-SLWE-LISTING-PHP,,projects_or_irrigation,مؤسسة مياه لبنان الجنوبي | المشاريع,https://www.slwe.gov.lb/listing.php?pcat=projects&cat=undp-projects&lang=ar,,,hdnRootFldr|hdnRootFldr|hidden;txtGlobalKeywords|txtGlobalKeywords|البحث|text;txtFilterKeywords|txtFilterKeywords|البحث|text;cmbCategories|cmbCategories;cmbPartners|cmbPartners,2026-05-31,
WSCR-0030,SLWE,review_later,80,kind=projects_or_irrigation;has_meaningful_form_fields;water_signal,SRC-SLWE-LISTING-PHP,,projects_or_irrigation,مؤسسة مياه لبنان الجنوبي | المشاريع,https://www.slwe.gov.lb/listing.php?pcat=projects&cat=unicef-projects&lang=ar,,,hdnRootFldr|hdnRootFldr|hidden;txtGlobalKeywords|txtGlobalKeywords|البحث|text;txtFilterKeywords|txtFilterKeywords|البحث|text;cmbCategories|cmbCategories;cmbPartners|cmbPartners,2026-05-31,
WSCR-0031,SLWE,review_later,80,kind=projects_or_irrigation;has_meaningful_form_fields;water_signal,SRC-SLWE-LISTING-PHP,,projects_or_irrigation,مؤسسة مياه لبنان الجنوبي | المشاريع,https://www.slwe.gov.lb/listing.php?pcat=projects&cat=usaid-projects&lang=ar,,,hdnRootFldr|hdnRootFldr|hidden;txtGlobalKeywords|txtGlobalKeywords|البحث|text;txtFilterKeywords|txtFilterKeywords|البحث|text;cmbCategories|cmbCategories;cmbPartners|cmbPartners,2026-05-31,
WSCR-0032,SLWE,review_later,80,kind=projects_or_irrigation;has_meaningful_form_fields;water_signal,SRC-SLWE-LISTING-PHP,,projects_or_irrigation,مؤسسة مياه لبنان الجنوبي | المشاريع,https://www.slwe.gov.lb/listing.php?pcat=projects&lang=ar,,,hdnRootFldr|hdnRootFldr|hidden;txtGlobalKeywords|txtGlobalKeywords|البحث|text;txtFilterKeywords|txtFilterKeywords|البحث|text;cmbCategories|cmbCategories;cmbPartners|cmbPartners,2026-05-31,
WSCR-0033,LRA,already_registered,75,kind=contact;has_meaningful_form_fields;has_contextual_phone,SRC-LRA-EN-US-CONTACT,SRC-LRA-CONTACT,contact,Contact Us,https://www.litani.gov.lb/en-us/contact,01- 662112;01- 660476;01 - 834 816;01 - 825 431;07- 810297;08-651236;08-650377;08 - 651238;07- 360 636;07- 740956;07-230198;07 - 391063,,GLobalSearchText|Search....|text;GlobalSearchButton|button;__RequestVerificationToken|hidden;FirstName|FirstName|First Name|text;LastName|LastName|First Name|text;EmailInput|EmailInput|Email|email;subject|subject|Subject|text;UploadedFile|FileInput|file;Message|Message|Message;SubmitForm|button,2026-05-31,
WSCR-0034,NLWE,already_registered,75,kind=customer_service;has_meaningful_form_fields;has_contextual_phone,SRC-NLWE-CUSTOMER-SERVICES-AR,SRC-NLWE-CUSTOMER-SERVICE-AR,customer_service,customer-services-ar,https://eeln.gov.lb/customer-services-ar/,1712,,s|search-field|بحث...|search,2026-05-31,
WSCR-0035,NLWE,already_registered,75,kind=customer_service;has_meaningful_form_fields;has_contextual_phone,SRC-NLWE-CUSTOMER-SERVICES1-AR,SRC-NLWE-SERVICE-REQUESTS-AR,customer_service,customer-services1-ar,https://eeln.gov.lb/customer-services1-ar/,06 / 430075,,s|search-field|بحث...|search,2026-05-31,
WSCR-0036,SLWE,already_registered,75,kind=customer_service;has_meaningful_form_fields;has_contextual_phone,SRC-SLWE-REGISTER-VISIT-PHP,SRC-SLWE-VISIT-REGISTER,customer_service,تسجيل دخول المشترك,https://slwe.gov.lb/register_visit.php,1785,,full_name|text;phone|text;customer_number|text;property_number|text;service_center|service_center,2026-05-31,
WSCR-0037,SLWE,already_registered,75,kind=customer_service;has_meaningful_form_fields;has_contextual_phone,SRC-SLWE-REGISTER-VISIT-PHP,SRC-SLWE-VISIT-REGISTER,customer_service,تسجيل دخول المشترك,https://www.slwe.gov.lb/register_visit.php,1785,,full_name|text;phone|text;customer_number|text;property_number|text;service_center|service_center,2026-05-31,
WSCR-0038,LRA,already_registered,65,kind=projects_or_irrigation;has_meaningful_form_fields,SRC-LRA-ABOUTLRA-IMPLEMENTINGREGULATIONS,SRC-LRA-REGULATIONS,projects_or_irrigation,Regulations,https://www.litani.gov.lb/en-us/aboutlra/implementingregulations,1295;01- 662112,,GLobalSearchText|Search....|text;GlobalSearchButton|button;searchtext|SearchText|Search....|text;ImplementingRegulationsType;DxDateFromInput|hidden;DxDateToInput|hidden;button,2026-05-31,
WSCR-0039,LRA,review_later,60,kind=projects_or_irrigation;water_signal,SRC-LRA-HOME,,projects_or_irrigation,الصفحة الرئيسية - المصلحة الوطنية لنهر الليطاني,https://www.litani.gov.lb/,8699300,,GLobalSearchText|ابحث حسب العنوان و المحتوى|text;GlobalSearchButton|button;HoveredImage#0|hidden;href|hidden;HoveredImage#1|hidden;HoveredImage#2|hidden,2026-05-31,
WSCR-0040,LRA,already_registered,60,kind=projects_or_irrigation;water_signal,SRC-LRA-DEPOLLUTION-POLLUTIONCHALLENGES,SRC-LRA-POLLUTION-CHALLENGES,projects_or_irrigation,Sources of pollution,https://www.litani.gov.lb/en-us/depollution/pollutionchallenges,1068;01- 662112,,GLobalSearchText|Search....|text;GlobalSearchButton|button,2026-05-31,
WSCR-0041,LRA,already_registered,60,kind=projects_or_irrigation;water_signal,SRC-LRA-DEPOLLUTION-POLLUTIONPREVENTIONANDCO,SRC-LRA-POLLUTION-CONTROL,projects_or_irrigation,Measures to remove pollution and protect water and environmental resources,https://www.litani.gov.lb/en-us/depollution/pollutionpreventionandcontrol,1000;1100;1701;1970;01- 662112,,GLobalSearchText|Search....|text;GlobalSearchButton|button,2026-05-31,
WSCR-0042,LRA,already_registered,60,kind=projects_or_irrigation;water_signal,SRC-LRA-INDICATORS-INDICATORSWATERQUANTITY,SRC-LRA-WATER-QUANTITY,projects_or_irrigation,Level of water,https://www.litani.gov.lb/en-us/indicators/indicatorswaterquantity,01- 662112,,GLobalSearchText|Search....|text;GlobalSearchButton|button;DxDateFromInput|hidden;DxDateToInput|hidden;searchdate|button;HiddenChartTitle|hidden,2026-05-31,
WSCR-0043,NLWE,review_later,60,kind=customer_service;water_signal,SRC-NLWE-EN-AN-ANNOUNCEMENT-ADDRESSED-TO-WATE,,customer_service,An announcement addressed to water subscribers in the city of Tripoli and its surrounding areas.,https://eeln.gov.lb/en/an-announcement-addressed-to-water-subscribers-in-the-city-of-tripoli-and-its-surrounding-areas/,,,s|search-field|Search...|search,2026-05-31,
WSCR-0044,NLWE,already_registered,55,kind=customer_service;has_contextual_phone,SRC-NLWE-CUSTOMER-SERVICE,SRC-NLWE-CUSTOMER-SERVICE,customer_service,customer-services,https://eeln.gov.lb/en/customer-services/,1712,,s|search-field|Search...|search,2026-05-31,
WSCR-0045,NLWE,already_registered,55,kind=customer_service;has_contextual_phone,SRC-NLWE-EN-CUSTOMER-SERVICES,SRC-NLWE-CUSTOMER-SERVICE,customer_service,customer-services,https://eeln.gov.lb/en/customer-services/,1712,,s|search-field|Search...|search,2026-05-31,
WSCR-0046,NLWE,already_registered,55,kind=customer_service;has_contextual_phone,SRC-NLWE-SERVICE-REQUESTS,SRC-NLWE-SERVICE-REQUESTS,customer_service,customer-services1,https://eeln.gov.lb/en/customer-services1/,06/430075,,s|search-field|Search...|search,2026-05-31,
WSCR-0047,BMLWE,already_registered,45,kind=complaint_or_ticket,SRC-BMLWE-TICKET,SRC-BMLWE-TICKET,complaint_or_ticket,,https://ebml.gov.lb/user_ticket.php?lang=en,,,,2026-05-31,
WSCR-0048,LRA,review_later,45,kind=projects_or_irrigation,SRC-LRA-ABOUTLRA-ORGANIGRAM,,projects_or_irrigation,هيكلية ومهام المصلحة,https://www.litani.gov.lb/ar-lb/aboutlra/organigram,,,GLobalSearchText|ابحث حسب العنوان و المحتوى|text;GlobalSearchButton|button,2026-05-31,
WSCR-0049,LRA,review_later,45,kind=projects_or_irrigation,SRC-LRA-AR-LB-ABOUTLRB,,projects_or_irrigation,AboutLRB,https://www.litani.gov.lb/ar-lb/aboutlrb,1000,,GLobalSearchText|ابحث حسب العنوان و المحتوى|text;GlobalSearchButton|button,2026-05-31,
WSCR-0050,LRA,already_registered,45,kind=projects_or_irrigation,SRC-LRA-ABOUTLRA-LRAPROJECT,SRC-LRA-PROJECTS,projects_or_irrigation,LRA Projects,https://www.litani.gov.lb/en-us/aboutlra/lraproject,1970;01- 662112,,GLobalSearchText|Search....|text;GlobalSearchButton|button;searchtext|SearchText|Search....|text;button,2026-05-31,
WSCR-0051,LRA,already_registered,45,kind=projects_or_irrigation,SRC-LRA-ORGANIGRAM,SRC-LRA-ORGANIGRAM,projects_or_irrigation,Organigram,https://www.litani.gov.lb/en-us/aboutlra/organigram,01- 662112,,GLobalSearchText|Search....|text;GlobalSearchButton|button,2026-05-31,
WSCR-0052,LRA,already_registered,45,kind=projects_or_irrigation,SRC-LRA-BASIN,SRC-LRA-BASIN,projects_or_irrigation,AboutLRB,https://www.litani.gov.lb/en-us/aboutlrb,01- 662112,,GLobalSearchText|Search....|text;GlobalSearchButton|button,2026-05-31,
WSCR-0053,LRA,already_registered,45,kind=projects_or_irrigation,SRC-LRA-EN-US-GEOMAP,SRC-LRA-GEOMAP,projects_or_irrigation,Geographical maps,https://www.litani.gov.lb/en-us/geomap,01- 662112,,GLobalSearchText|Search....|text;GlobalSearchButton|button;searchtext|SearchText|Search....|text;button,2026-05-31,
WSCR-0054,LRA,review_later,45,kind=projects_or_irrigation,SRC-LRA-EN-US-NEWS,,projects_or_irrigation,News,https://www.litani.gov.lb/en-us/news,01- 662112,,GLobalSearchText|Search....|text;GlobalSearchButton|button;searchtext|SearchText|Search....|text;DxDateFromInput|hidden;DxDateToInput|hidden;button,2026-05-31,
WSCR-0055,NLWE,review_later,45,kind=customer_service,SRC-NLWE-EN-POSTS,,customer_service,Announcement for subscribers in Tripoli and Mina,https://eeln.gov.lb/en/posts/,,,s|search-field|Search...|search,2026-05-31,
WSCR-0056,MEW,review_later,35,has_meaningful_form_fields;water_signal,SRC-MEW-AR-ASSOCIATIONS,,forms_or_documents,الموقع الرسمي لوزارة الطاقة والمياه,https://www.energyandwater.gov.lb/ar/associations,,,hdnRootFldr|hdnRootFldr|hidden;cmbMinistriesSites|cmbMinistriesSites;txtGlobalKeywords|txtGlobalKeywords|البحث|text,2026-05-31,
WSCR-0057,MEW,already_registered,35,has_meaningful_form_fields;water_signal,SRC-MEW-AR-CLAIMS,SRC-MEW-CLAIMS,forms_or_documents,الموقع الرسمي لوزارة الطاقة والمياه,https://www.energyandwater.gov.lb/ar/claims,,,hdnRootFldr|hdnRootFldr|hidden;cmbMinistriesSites|cmbMinistriesSites;txtGlobalKeywords|txtGlobalKeywords|البحث|text;hdnAction|hdnAction|hidden;txtFirstName|txtFirstName|الاسم|text;txtFatherName|txtFatherName|اسم الأب|text;txtLastName|txtLastName|الشهرة|text;txtAddress|txtAddress|العنوان الكامل|text;txtPhone|txtPhone|رقم الهاتف|tel;txtMobile|txtMobile|رقم الخليوي|tel;txtEmail|txtEmail|البريد الكتروني|email;rdoConfidentiality|rdoConfidentialityRemove|radio;rdoConfidentiality|rdoConfidentialityKeep|radio;chkViolationTypes[]|chkViolationTypes1|checkbox;chkViolationTypes[]|chkViolationTypes2|checkbox;chkViolationTypes[]|chkViolationTypes3|checkbox;chkViolationTypes[]|chkViolationTypes4|checkbox;chkViolationTypes[]|chkViolationTypes5|checkbox;txtOtherViolations|txtOtherViolations|مخالفات أخرى - الرجاء التحديد;txtViolationExtraInfo|txtViolationExtraInfo|(*) رقم المعاملة، تاريخ ومكان تسجيلها:|text,2026-05-31,
WSCR-0058,MEW,review_later,35,has_meaningful_form_fields;water_signal,SRC-MEW-100364-D9-88-D8-B2-D8-A7-D8-B1-D8-A9,,forms_or_documents,الموقع الرسمي لوزارة الطاقة والمياه | وزارة الطاقة والمياه,https://www.energyandwater.gov.lb/ar/details/100364/%D9%88%D8%B2%D8%A7%D8%B1%D8%A9-%D8%A7%D9%84%D8%B7%D8%A7%D9%82%D8%A9-%D9%88%D8%A7%D9%84%D9%85%D9%8A%D8%A7%D9%87-1495109979,,,hdnRootFldr|hdnRootFldr|hidden;cmbMinistriesSites|cmbMinistriesSites;txtGlobalKeywords|txtGlobalKeywords|البحث|text,2026-05-31,
WSCR-0059,MEW,review_later,35,has_meaningful_form_fields;water_signal,SRC-MEW-100365-D8-B5-D9-84-D8-A7-D8-AD-D9-8A,,forms_or_documents,الموقع الرسمي لوزارة الطاقة والمياه | صلاحيات ومهام وزارة الطاقة والمياه,https://www.energyandwater.gov.lb/ar/details/100365/%D8%B5%D9%84%D8%A7%D8%AD%D9%8A%D8%A7%D8%AA-%D9%88%D9%85%D9%87%D8%A7%D9%85-%D9%88%D8%B2%D8%A7%D8%B1%D8%A9-%D8%A7%D9%84%D8%B7%D8%A7%D9%82%D8%A9-%D9%88%D8%A7%D9%84%D9%85%D9%8A%D8%A7%D9%87,,,hdnRootFldr|hdnRootFldr|hidden;cmbMinistriesSites|cmbMinistriesSites;txtGlobalKeywords|txtGlobalKeywords|البحث|text,2026-05-31,
WSCR-0060,MEW,already_registered,35,kind=projects_or_irrigation;has_meaningful_form_fields;water_signal;noise_keyword,SRC-MEW-100368-D8-A7-D9-84-D9-85-D8-AF-D9-8A,SRC-MEW-DG-WATER-ELECTRICITY,projects_or_irrigation,الموقع الرسمي لوزارة الطاقة والمياه | المديرية العامة للموارد المائية والكهربائية,https://www.energyandwater.gov.lb/ar/details/100368/%D8%A7%D9%84%D9%85%D8%AF%D9%8A%D8%B1%D9%8A%D8%A9-%D8%A7%D9%84%D8%B9%D8%A7%D9%85%D8%A9-%D9%84%D9%84%D9%85%D9%88%D8%A7%D8%B1%D8%AF-%D8%A7%D9%84%D9%85%D8%A7%D8%A6%D9%8A%D8%A9-%D9%88%D8%A7%D9%84%D9%83%D9%87%D8%B1%D8%A8%D8%A7%D8%A6%D9%8A%D8%A9,,,hdnRootFldr|hdnRootFldr|hidden;cmbMinistriesSites|cmbMinistriesSites;txtGlobalKeywords|txtGlobalKeywords|البحث|text,2026-05-31,
WSCR-0061,MEW,review_later,35,kind=coverage_or_branch;has_meaningful_form_fields;water_signal;noise_keyword,SRC-MEW-100374-D8-A7-D9-84-D9-85-D8-B1-D9-83,,coverage_or_branch,الموقع الرسمي لوزارة الطاقة والمياه | المركز اللبناني لحفظ الطاقة,https://www.energyandwater.gov.lb/ar/details/100374/%D8%A7%D9%84%D9%85%D8%B1%D9%83%D8%B2-%D8%A7%D9%84%D9%84%D8%A8%D9%86%D8%A7%D9%86%D9%8A-%D9%84%D8%AD%D9%81%D8%B8-%D8%A7%D9%84%D8%B7%D8%A7%D9%82%D8%A9,,,hdnRootFldr|hdnRootFldr|hidden;cmbMinistriesSites|cmbMinistriesSites;txtGlobalKeywords|txtGlobalKeywords|البحث|text,2026-05-31,
WSCR-0062,MEW,review_later,35,has_meaningful_form_fields;water_signal,SRC-MEW-100605-WATER-AND-FOOD-SECURITY-2018-,,forms_or_documents,الموقع الرسمي لوزارة الطاقة والمياه | Water and Food Security 2018-2040,https://www.energyandwater.gov.lb/ar/details/100605/water-and-food-security-2018-2040-1592915478,,,hdnRootFldr|hdnRootFldr|hidden;cmbMinistriesSites|cmbMinistriesSites;txtGlobalKeywords|txtGlobalKeywords|البحث|text,2026-05-31,
WSCR-0063,MEW,review_later,35,has_meaningful_form_fields;water_signal,SRC-MEW-100886-LEBANON-ELECTRICITY-SERVICES-,,forms_or_documents,الموقع الرسمي لوزارة الطاقة والمياه | Lebanon Electricity Services Emergency Support Project (P177846),https://www.energyandwater.gov.lb/ar/details/100886/lebanon-electricity-services-emergency-support-project-p177846-1692577811,,,hdnRootFldr|hdnRootFldr|hidden;cmbMinistriesSites|cmbMinistriesSites;txtGlobalKeywords|txtGlobalKeywords|البحث|text,2026-05-31,
WSCR-0064,MEW,already_registered,35,has_meaningful_form_fields;water_signal,SRC-MEW-100933-D9-85-D8-AA-D8-A7-D8-A8-D8-B9,SRC-MEW-WELL-LICENSE-TRACKING,forms_or_documents,الموقع الرسمي لوزارة الطاقة والمياه | متابعة طلبات رخص الابار الجوفية,https://www.energyandwater.gov.lb/ar/details/100933/%D9%85%D8%AA%D8%A7%D8%A8%D8%B9%D8%A9-%D8%B7%D9%84%D8%A8%D8%A7%D8%AA-%D8%B1%D8%AE%D8%B5-%D8%A7%D9%84%D8%A7%D8%A8%D8%A7%D8%B1-%D8%A7%D9%84%D8%AC%D9%88%D9%81%D9%8A%D8%A9,,,hdnRootFldr|hdnRootFldr|hidden;cmbMinistriesSites|cmbMinistriesSites;txtGlobalKeywords|txtGlobalKeywords|البحث|text,2026-05-31,
WSCR-0065,MEW,review_later,35,kind=projects_or_irrigation;has_meaningful_form_fields;water_signal;noise_keyword,SRC-MEW-101119-D8-B9-D9-85-D8-A7-D9-86-D8-AA,,projects_or_irrigation,الموقع الرسمي لوزارة الطاقة والمياه | عمان تحتضن لقاء أردني سوري لبناني لتعزيز الربط الكهربائي وتبادل الغاز بين البلدان,https://www.energyandwater.gov.lb/ar/details/101119/%D8%B9%D9%85%D8%A7%D9%86-%D8%AA%D8%AD%D8%AA%D8%B6%D9%86-%D9%84%D9%82%D8%A7-%D8%A3%D8%B1%D8%AF%D9%86%D9%8A-%D8%B3%D9%88%D8%B1%D9%8A-%D9%84%D8%A8%D9%86%D8%A7%D9%86%D9%8A-%D9%84%D8%AA%D8%B9%D8%B2%D9%8A%D8%B2-%D8%A7%D9%84%D8%B1%D8%A8%D8%B7-%D8%A7%D9%84%D9%83%D9%87%D8%B1%D8%A8%D8%A7%D8%A6%D9%8A-%D9%88%D8%AA%D8%A8%D8%A7%D8%AF%D9%84-%D8%A7%D9%84%D8%BA%D8%A7%D8%B2-%D8%A8%D9%8A%D9%86-%D8%A7%D9%84%D8%A8%D9%84%D8%AF%D8%A7%D9%86,,,hdnRootFldr|hdnRootFldr|hidden;cmbMinistriesSites|cmbMinistriesSites;txtGlobalKeywords|txtGlobalKeywords|البحث|text,2026-05-31,
WSCR-0066,MEW,review_later,35,kind=projects_or_irrigation;has_meaningful_form_fields;water_signal;noise_keyword,SRC-MEW-99832-D8-A7-D9-84-D9-85-D8-AF-D9-8A-,,projects_or_irrigation,الموقع الرسمي لوزارة الطاقة والمياه | المديريّة العامة للموارد المائيّة والكهربائيّة,https://www.energyandwater.gov.lb/ar/details/99832/%D8%A7%D9%84%D9%85%D8%AF%D9%8A%D8%B1%D9%8A-%D8%A9-%D8%A7%D9%84%D8%B9%D8%A7%D9%85%D8%A9-%D9%84%D9%84%D9%85%D9%88%D8%A7%D8%B1%D8%AF-%D8%A7%D9%84%D9%85%D8%A7%D8%A6%D9%8A-%D8%A9-%D9%88%D8%A7%D9%84%D9%83%D9%87%D8%B1%D8%A8%D8%A7%D8%A6%D9%8A-%D8%A9,,,hdnRootFldr|hdnRootFldr|hidden;cmbMinistriesSites|cmbMinistriesSites;txtGlobalKeywords|txtGlobalKeywords|البحث|text,2026-05-31,
WSCR-0067,MEW,review_later,35,has_meaningful_form_fields;water_signal,SRC-MEW-AR-FAQ,,forms_or_documents,الموقع الرسمي لوزارة الطاقة والمياه,https://www.energyandwater.gov.lb/ar/faq,,,hdnRootFldr|hdnRootFldr|hidden;cmbMinistriesSites|cmbMinistriesSites;txtGlobalKeywords|txtGlobalKeywords|البحث|text,2026-05-31,
WSCR-0068,MEW,review_later,35,has_meaningful_form_fields;water_signal,SRC-MEW-AR-HOME,,forms_or_documents,الموقع الرسمي لوزارة الطاقة والمياه,https://www.energyandwater.gov.lb/ar/home,,,hdnRootFldr|hdnRootFldr|hidden;cmbMinistriesSites|cmbMinistriesSites;txtGlobalKeywords|txtGlobalKeywords|البحث|text,2026-05-31,
WSCR-0069,MEW,review_later,35,has_meaningful_form_fields;water_signal,SRC-MEW-AWARENESS-CAMPAIGNS-ELECTRICITY,,forms_or_documents,الموقع الرسمي لوزارة الطاقة والمياه | حملات توعية,https://www.energyandwater.gov.lb/ar/listing/awareness-campaigns/electricity?l=3,,,hdnRootFldr|hdnRootFldr|hidden;cmbMinistriesSites|cmbMinistriesSites;txtGlobalKeywords|txtGlobalKeywords|البحث|text;hdnListingLayout|hidden;txtFilterKeywords|txtFilterKeywords|البحث|text;cmbCategories|cmbCategories,2026-05-31,
WSCR-0070,MEW,review_later,35,has_meaningful_form_fields;water_signal,SRC-MEW-AWARENESS-CAMPAIGNS-PETROLIUM,,forms_or_documents,الموقع الرسمي لوزارة الطاقة والمياه | حملات توعية,https://www.energyandwater.gov.lb/ar/listing/awareness-campaigns/petrolium?l=3,,,hdnRootFldr|hdnRootFldr|hidden;cmbMinistriesSites|cmbMinistriesSites;txtGlobalKeywords|txtGlobalKeywords|البحث|text;hdnListingLayout|hidden;txtFilterKeywords|txtFilterKeywords|البحث|text;cmbCategories|cmbCategories,2026-05-31,
WSCR-0071,MEW,review_later,35,has_meaningful_form_fields;water_signal,SRC-MEW-AWARENESS-CAMPAIGNS-WATER,,forms_or_documents,الموقع الرسمي لوزارة الطاقة والمياه | حملات توعية,https://www.energyandwater.gov.lb/ar/listing/awareness-campaigns/water?l=3,,,hdnRootFldr|hdnRootFldr|hidden;cmbMinistriesSites|cmbMinistriesSites;txtGlobalKeywords|txtGlobalKeywords|البحث|text;hdnListingLayout|hidden;txtFilterKeywords|txtFilterKeywords|البحث|text;cmbCategories|cmbCategories,2026-05-31,
WSCR-0072,MEW,review_later,35,has_meaningful_form_fields;water_signal,SRC-MEW-E-SERVICES-E-FORMULAIRES,,forms_or_documents,الموقع الرسمي لوزارة الطاقة والمياه | الخدمات الالكترونية,https://www.energyandwater.gov.lb/ar/listing/e-services/e-formulaires?l=4,,,hdnRootFldr|hdnRootFldr|hidden;cmbMinistriesSites|cmbMinistriesSites;txtGlobalKeywords|txtGlobalKeywords|البحث|text;hdnListingLayout|hidden;txtFilterKeywords|txtFilterKeywords|البحث|text;hdnCategoryId|hidden,2026-05-31,
WSCR-0073,MEW,already_registered,35,has_meaningful_form_fields;water_signal,SRC-MEW-E-SERVICES-GUIDLINES,SRC-MEW-E-SERVICES-GUIDELINES,forms_or_documents,الموقع الرسمي لوزارة الطاقة والمياه | الخدمات الالكترونية,https://www.energyandwater.gov.lb/ar/listing/e-services/guidlines?l=4,,,hdnRootFldr|hdnRootFldr|hidden;cmbMinistriesSites|cmbMinistriesSites;txtGlobalKeywords|txtGlobalKeywords|البحث|text;hdnListingLayout|hidden;txtFilterKeywords|txtFilterKeywords|البحث|text;hdnCategoryId|hidden,2026-05-31,
WSCR-0074,MEW,review_later,35,has_meaningful_form_fields;water_signal,SRC-MEW-E-SERVICES-REGULATIONS,,forms_or_documents,الموقع الرسمي لوزارة الطاقة والمياه | الخدمات الالكترونية,https://www.energyandwater.gov.lb/ar/listing/e-services/regulations?l=4,,,hdnRootFldr|hdnRootFldr|hidden;cmbMinistriesSites|cmbMinistriesSites;txtGlobalKeywords|txtGlobalKeywords|البحث|text;hdnListingLayout|hidden;txtFilterKeywords|txtFilterKeywords|البحث|text;hdnCategoryId|hidden,2026-05-31,
WSCR-0075,MEW,review_later,35,has_meaningful_form_fields;water_signal,SRC-MEW-LISTING-NATIONAL-DAMS,,forms_or_documents,الموقع الرسمي لوزارة الطاقة والمياه | السدود الوطنية,https://www.energyandwater.gov.lb/ar/listing/national-dams?l=3,,,hdnRootFldr|hdnRootFldr|hidden;cmbMinistriesSites|cmbMinistriesSites;txtGlobalKeywords|txtGlobalKeywords|البحث|text;hdnListingLayout|hidden;txtFilterKeywords|txtFilterKeywords|البحث|text;hdnCategoryId|hidden;cmbRegions|cmbRegions,2026-05-31,
WSCR-0076,MEW,review_later,35,has_meaningful_form_fields;water_signal,SRC-MEW-AR-USEFUL-LINKS,,forms_or_documents,الموقع الرسمي لوزارة الطاقة والمياه,https://www.energyandwater.gov.lb/ar/useful-links,,,hdnRootFldr|hdnRootFldr|hidden;cmbMinistriesSites|cmbMinistriesSites;txtGlobalKeywords|txtGlobalKeywords|البحث|text,2026-05-31,
WSCR-0077,NLWE,review_later,35,has_meaningful_form_fields;water_signal,SRC-NLWE-HOME,,forms_or_documents,مؤسسة مياه لبنان الشمالي,https://eeln.gov.lb/,,,s|search-field|بحث...|search;wpforms[fields][2]|wpforms-4655-field_2|البريد الالكتروني|email;wpforms[id]|hidden;page_title|hidden;page_url|hidden;url_referer|hidden;page_id|hidden;wpforms[post_id]|hidden,2026-05-31,
WSCR-0078,NLWE,already_registered,35,has_meaningful_form_fields;water_signal,SRC-NLWE-HOME,SRC-NLWE-HOME,forms_or_documents,مؤسسة مياه لبنان الشمالي,https://eeln.gov.lb/en/home/,,,s|search-field|Search...|search;wpforms[fields][2]|wpforms-4645-field_2|Email|email;wpforms[id]|hidden;page_title|hidden;page_url|hidden;url_referer|hidden;page_id|hidden;wpforms[post_id]|hidden,2026-05-31,
WSCR-0079,NLWE,already_registered,35,has_meaningful_form_fields;water_signal,SRC-NLWE-OMT,SRC-NLWE-OMT,forms_or_documents,Governmental Services | OMT Lebanon,https://www.omt.com.lb/en/services/governmental/north-lebanon-water-establishment-nlwe,+961 1 391 000,,langSelect,2026-05-31,
WSCR-0080,SLWE,already_registered,35,has_meaningful_form_fields;water_signal,SRC-SLWE-OMT,SRC-SLWE-OMT,forms_or_documents,Governmental Services | OMT Lebanon,https://www.omt.com.lb/en/services/governmental/south-lebanon-water-establishment,+961 1 391 000,,langSelect,2026-05-31,
WSCR-0081,SLWE,already_registered,35,has_meaningful_form_fields;water_signal,SRC-SLWE-HOME,SRC-SLWE-HOME,forms_or_documents,"مؤسسة مياه لبنان الجنوبي | slwe, lebanon, south lebanon water establishment, water, الجنوب, وزارة الطاقة",https://www.slwe.gov.lb/,,,hdnRootFldr|hdnRootFldr|hidden;txtGlobalKeywords|txtGlobalKeywords|البحث|text,2026-05-31,
WSCR-0082,SLWE,review_later,35,has_meaningful_form_fields;water_signal,SRC-SLWE-DETAILS-PHP,,forms_or_documents,مؤسسة مياه لبنان الجنوبي | الرئيس | المدير العام الدكتور وسيم ضاهر,https://www.slwe.gov.lb/details.php?id=1&key=%D8%A7%D9%84%D8%B1%D8%A6%D9%8A%D8%B3-%D8%A7%D9%84%D9%85%D8%AF%D9%8A%D8%B1-%D8%A7%D9%84%D8%B9%D8%A7%D9%85-%D8%A7%D9%84%D8%AF%D9%83%D8%AA%D9%88%D8%B1-%D9%88%D8%B3%D9%8A%D9%85-%D8%B6%D8%A7%D9%87%D8%B1&lang=ar,,,hdnRootFldr|hdnRootFldr|hidden;txtGlobalKeywords|txtGlobalKeywords|البحث|text,2026-05-31,
WSCR-0083,SLWE,review_later,35,has_meaningful_form_fields;water_signal,SRC-SLWE-DETAILS-PHP,,forms_or_documents,مؤسسة مياه لبنان الجنوبي | من نحن,https://www.slwe.gov.lb/details.php?id=2&key=9693149&lang=ar,,,hdnRootFldr|hdnRootFldr|hidden;txtGlobalKeywords|txtGlobalKeywords|البحث|text,2026-05-31,
WSCR-0084,SLWE,review_later,35,has_meaningful_form_fields;water_signal,SRC-SLWE-DETAILS-PHP,,forms_or_documents,مؤسسة مياه لبنان الجنوبي | استطلاعات الرأي,https://www.slwe.gov.lb/details.php?id=213&key=%D8%A7%D8%B3%D8%AA%D8%B7%D9%84%D8%A7%D8%B9%D8%A7%D8%AA-%D8%A7%D9%84%D8%B1%D8%A3%D9%8A&lang=ar,,,hdnRootFldr|hdnRootFldr|hidden;txtGlobalKeywords|txtGlobalKeywords|البحث|text,2026-05-31,
WSCR-0085,SLWE,review_later,35,has_meaningful_form_fields;water_signal,SRC-SLWE-DETAILS-PHP,,forms_or_documents,مؤسسة مياه لبنان الجنوبي | تعليمات حول ترشيد استهلاك المياه,https://www.slwe.gov.lb/details.php?id=219&key=%D8%AA%D8%B9%D9%84%D9%8A%D9%85%D8%A7%D8%AA-%D8%AD%D9%88%D9%84-%D8%AA%D8%B1%D8%B4%D9%8A%D8%AF-%D8%A7%D8%B3%D8%AA%D9%87%D9%84%D8%A7%D9%83-%D8%A7%D9%84%D9%85%D9%8A%D8%A7%D9%87&lang=ar,,,hdnRootFldr|hdnRootFldr|hidden;txtGlobalKeywords|txtGlobalKeywords|البحث|text,2026-05-31,
WSCR-0086,SLWE,review_later,35,has_meaningful_form_fields;water_signal,SRC-SLWE-DETAILS-PHP,,forms_or_documents,مؤسسة مياه لبنان الجنوبي | تعليمات حول ترشيد استهلاك المياه,https://www.slwe.gov.lb/details.php?id=221&key=%D8%AA%D8%B9%D9%84%D9%8A%D9%85%D8%A7%D8%AA-%D8%AD%D9%88%D9%84-%D8%AA%D8%B1%D8%B4%D9%8A%D8%AF-%D8%A7%D8%B3%D8%AA%D9%87%D9%84%D8%A7%D9%83-%D8%A7%D9%84%D9%85%D9%8A%D8%A7%D9%87-1761039991&lang=ar,,,hdnRootFldr|hdnRootFldr|hidden;txtGlobalKeywords|txtGlobalKeywords|البحث|text,2026-05-31,
WSCR-0087,SLWE,review_later,35,has_meaningful_form_fields;water_signal,SRC-SLWE-DETAILS-PHP,,forms_or_documents,مؤسسة مياه لبنان الجنوبي | تعليمات حول ترشيد استهلاك المياه,https://www.slwe.gov.lb/details.php?id=222&key=%D8%AA%D8%B9%D9%84%D9%8A%D9%85%D8%A7%D8%AA-%D8%AD%D9%88%D9%84-%D8%AA%D8%B1%D8%B4%D9%8A%D8%AF-%D8%A7%D8%B3%D8%AA%D9%87%D9%84%D8%A7%D9%83-%D8%A7%D9%84%D9%85%D9%8A%D8%A7%D9%87-1761040061&lang=ar,,,hdnRootFldr|hdnRootFldr|hidden;txtGlobalKeywords|txtGlobalKeywords|البحث|text,2026-05-31,
WSCR-0088,SLWE,review_later,35,has_meaningful_form_fields;water_signal,SRC-SLWE-DETAILS-PHP,,forms_or_documents,مؤسسة مياه لبنان الجنوبي | ما معنى ترشيد استهلاك المياه؟,https://www.slwe.gov.lb/details.php?id=223&key=%D9%85%D8%A7-%D9%85%D8%B9%D9%86%D9%89-%D8%AA%D8%B1%D8%B4%D9%8A%D8%AF-%D8%A7%D8%B3%D8%AA%D9%87%D9%84%D8%A7%D9%83-%D8%A7%D9%84%D9%85%D9%8A%D8%A7%D9%87&lang=ar,,,hdnRootFldr|hdnRootFldr|hidden;txtGlobalKeywords|txtGlobalKeywords|البحث|text,2026-05-31,
WSCR-0089,SLWE,review_later,35,has_meaningful_form_fields;water_signal,SRC-SLWE-DETAILS-PHP,,forms_or_documents,مؤسسة مياه لبنان الجنوبي | الإجابة على أسئلتكم,https://www.slwe.gov.lb/details.php?id=23&key=%D8%A7%D9%84%D8%A5%D8%AC%D8%A7%D8%A8%D8%A9-%D8%B9%D9%84%D9%89-%D8%A3%D8%B3%D8%A6%D9%84%D8%AA%D9%83%D9%85&lang=ar,,,hdnRootFldr|hdnRootFldr|hidden;txtGlobalKeywords|txtGlobalKeywords|البحث|text,2026-05-31,
WSCR-0090,SLWE,review_later,35,kind=legal_or_mandate;has_meaningful_form_fields;water_signal;noise_keyword,SRC-SLWE-DETAILS-PHP,,legal_or_mandate,مؤسسة مياه لبنان الجنوبي | erp مناقصة تحديث نظام ال,https://www.slwe.gov.lb/details.php?id=267&key=%D9%85%D9%86%D8%A7%D9%82%D8%B5%D8%A9-%D8%B9%D9%85%D9%88%D9%85%D9%8A%D8%A9-%D9%84%D8%B5%D9%8A%D8%A7%D9%86%D8%A9-%D9%85%D9%86%D8%B4-%D8%AA-%D9%85%D8%A4%D8%B3%D8%B3%D8%A9-%D9%85%D9%8A%D8%A7%D9%87-%D9%84%D8%A8%D9%86%D8%A7%D9%86-%D8%A7%D9%84%D8%AC%D9%86%D9%88%D8%A8%D9%8A&lang=ar,,,hdnRootFldr|hdnRootFldr|hidden;txtGlobalKeywords|txtGlobalKeywords|البحث|text,2026-05-31,
WSCR-0091,SLWE,review_later,35,has_meaningful_form_fields;water_signal,SRC-SLWE-DETAILS-PHP,,forms_or_documents,مؤسسة مياه لبنان الجنوبي | افتتاح مشروع مد شبكة مياه حاووز أبواب الروس في بلدة شقرا و دوبيه,https://www.slwe.gov.lb/details.php?id=272&key=%D8%A7%D9%81%D8%AA%D8%AA%D8%A7%D8%AD-%D9%85%D8%B4%D8%B1%D9%88%D8%B9-%D9%85%D8%AF-%D8%B4%D8%A8%D9%83%D8%A9-%D9%85%D9%8A%D8%A7%D9%87-%D8%AD%D8%A7%D9%88%D9%88%D8%B2-%D8%A3%D8%A8%D9%88%D8%A7%D8%A8-%D8%A7%D9%84%D8%B1%D9%88%D8%B3-%D9%81%D9%8A-%D8%A8%D9%84%D8%AF%D8%A9-%D8%B4%D9%82%D8%B1%D8%A7-%D9%88-%D8%AF%D9%88%D8%A8%D9%8A%D9%87&lang=ar,,,hdnRootFldr|hdnRootFldr|hidden;txtGlobalKeywords|txtGlobalKeywords|البحث|text,2026-05-31,
WSCR-0092,SLWE,review_later,35,kind=legal_or_mandate;has_meaningful_form_fields;water_signal;noise_keyword,SRC-SLWE-DETAILS-PHP,,legal_or_mandate,مؤسسة مياه لبنان الجنوبي | مناقصة تحديث نظام ال erp,https://www.slwe.gov.lb/details.php?id=274&key=%D9%85%D9%86%D8%A7%D9%82%D8%B5%D8%A9-%D8%AA%D8%AD%D8%AF%D9%8A%D8%AB-%D9%86%D8%B8%D8%A7%D9%85-%D8%A7%D9%84-erp&lang=ar,,,hdnRootFldr|hdnRootFldr|hidden;txtGlobalKeywords|txtGlobalKeywords|البحث|text,2026-05-31,
WSCR-0093,SLWE,already_registered,35,has_meaningful_form_fields;water_signal,SRC-SLWE-LEGAL,SRC-SLWE-LEGAL,forms_or_documents,مؤسسة مياه لبنان الجنوبي | الأنظمة و القوانين,https://www.slwe.gov.lb/details.php?id=3&key=%D8%A7%D9%84%D8%A8%D9%8A%D8%A7%D9%86-%D8%A7%D9%84%D9%82%D8%A7%D9%86%D9%88%D9%86%D9%8A&lang=ar,1758;1957,,hdnRootFldr|hdnRootFldr|hidden;txtGlobalKeywords|txtGlobalKeywords|البحث|text,2026-05-31,
WSCR-0094,SLWE,review_later,35,has_meaningful_form_fields;water_signal,SRC-SLWE-DETAILS-PHP,,forms_or_documents,مؤسسة مياه لبنان الجنوبي | طرق المحافظة على المياه,https://www.slwe.gov.lb/details.php?id=38&key=%D8%B7%D8%B1%D9%82-%D8%A7%D9%84%D9%85%D8%AD%D8%A7%D9%81%D8%B8%D8%A9-%D8%B9%D9%84%D9%89-%D8%A7%D9%84%D9%85%D9%8A%D8%A7%D9%87&lang=ar,,,hdnRootFldr|hdnRootFldr|hidden;txtGlobalKeywords|txtGlobalKeywords|البحث|text,2026-05-31,
WSCR-0095,SLWE,review_later,35,has_meaningful_form_fields;water_signal,SRC-SLWE-DETAILS-PHP,,forms_or_documents,مؤسسة مياه لبنان الجنوبي | معلومات عن المياه,https://www.slwe.gov.lb/details.php?id=39&key=%D9%85%D8%B9%D9%84%D9%88%D9%85%D8%A7%D8%AA-%D8%B9%D9%86-%D8%A7%D9%84%D9%85%D9%8A%D8%A7%D9%87&lang=ar,,,hdnRootFldr|hdnRootFldr|hidden;txtGlobalKeywords|txtGlobalKeywords|البحث|text,2026-05-31,
WSCR-0096,SLWE,already_registered,35,has_meaningful_form_fields;water_signal,SRC-SLWE-ABOUT,SRC-SLWE-ABOUT,about,مؤسسة مياه لبنان الجنوبي | نبذة عن المؤسسة,https://www.slwe.gov.lb/details.php?id=4&key=153900&lang=ar,,,hdnRootFldr|hdnRootFldr|hidden;txtGlobalKeywords|txtGlobalKeywords|البحث|text,2026-05-31,
WSCR-0097,SLWE,already_registered,35,has_meaningful_form_fields;water_signal,SRC-SLWE-CUSTOMER-SERVICE,SRC-SLWE-CUSTOMER-SERVICE,forms_or_documents,مؤسسة مياه لبنان الجنوبي | مقدمة,https://www.slwe.gov.lb/details.php?id=8&key=%D9%85%D9%82%D8%AF%D9%85%D8%A9&lang=ar,1785,,hdnRootFldr|hdnRootFldr|hidden;txtGlobalKeywords|txtGlobalKeywords|البحث|text,2026-05-31,
WSCR-0098,SLWE,already_registered,35,has_meaningful_form_fields;water_signal,SRC-SLWE-FAQ-PHP,SRC-SLWE-FAQ,forms_or_documents,"مؤسسة مياه لبنان الجنوبي | slwe, lebanon, south lebanon water establishment, water, الجنوب, وزارة الطاقة",https://www.slwe.gov.lb/faq.php?lang=ar,,,hdnRootFldr|hdnRootFldr|hidden;txtGlobalKeywords|txtGlobalKeywords|البحث|text,2026-05-31,
WSCR-0099,SLWE,review_later,35,has_meaningful_form_fields;water_signal,SRC-SLWE-INDEX-PHP,,forms_or_documents,"مؤسسة مياه لبنان الجنوبي | slwe, lebanon, south lebanon water establishment, water, الجنوب, وزارة الطاقة",https://www.slwe.gov.lb/index.php?lang=ar,,,hdnRootFldr|hdnRootFldr|hidden;txtGlobalKeywords|txtGlobalKeywords|البحث|text,2026-05-31,
WSCR-0100,SLWE,review_later,35,has_meaningful_form_fields;water_signal,SRC-SLWE-LISTING-PHP,,news_or_notice,مؤسسة مياه لبنان الجنوبي | الأخبار,https://www.slwe.gov.lb/listing.php?pcat=newsroom&cat=announcements&lang=ar,,,hdnRootFldr|hdnRootFldr|hidden;txtGlobalKeywords|txtGlobalKeywords|البحث|text;txtFilterKeywords|txtFilterKeywords|البحث|text;cmbCategories|cmbCategories,2026-05-31,
WSCR-0101,SLWE,review_later,35,has_meaningful_form_fields;water_signal,SRC-SLWE-LISTING-PHP,,news_or_notice,مؤسسة مياه لبنان الجنوبي | الأخبار,https://www.slwe.gov.lb/listing.php?pcat=newsroom&cat=news&lang=ar,,,hdnRootFldr|hdnRootFldr|hidden;txtGlobalKeywords|txtGlobalKeywords|البحث|text;txtFilterKeywords|txtFilterKeywords|البحث|text;cmbCategories|cmbCategories,2026-05-31,
WSCR-0102,SLWE,review_later,35,has_meaningful_form_fields;water_signal,SRC-SLWE-LISTING-PHP,,news_or_notice,مؤسسة مياه لبنان الجنوبي | الأخبار,https://www.slwe.gov.lb/listing.php?pcat=newsroom&cat=publications&lang=ar,,,hdnRootFldr|hdnRootFldr|hidden;txtGlobalKeywords|txtGlobalKeywords|البحث|text;txtFilterKeywords|txtFilterKeywords|البحث|text;cmbCategories|cmbCategories,2026-05-31,
WSCR-0103,SLWE,review_later,35,has_meaningful_form_fields;water_signal,SRC-SLWE-PARTNERS-PHP,,forms_or_documents,"مؤسسة مياه لبنان الجنوبي | slwe, lebanon, south lebanon water establishment, water, الجنوب, وزارة الطاقة",https://www.slwe.gov.lb/partners.php?cat=donors&lang=ar,,,hdnRootFldr|hdnRootFldr|hidden;txtGlobalKeywords|txtGlobalKeywords|البحث|text;cmbPartnerCategories|cmbPartnerCategories,2026-05-31,
WSCR-0104,SLWE,review_later,35,has_meaningful_form_fields;water_signal,SRC-SLWE-PARTNERS-PHP,,forms_or_documents,"مؤسسة مياه لبنان الجنوبي | slwe, lebanon, south lebanon water establishment, water, الجنوب, وزارة الطاقة",https://www.slwe.gov.lb/partners.php?cat=partners&lang=ar,,,hdnRootFldr|hdnRootFldr|hidden;txtGlobalKeywords|txtGlobalKeywords|البحث|text;cmbPartnerCategories|cmbPartnerCategories,2026-05-31,
WSCR-0105,SLWE,review_later,35,has_meaningful_form_fields;water_signal,SRC-SLWE-PARTNERS-PHP,,forms_or_documents,"مؤسسة مياه لبنان الجنوبي | slwe, lebanon, south lebanon water establishment, water, الجنوب, وزارة الطاقة",https://www.slwe.gov.lb/partners.php?lang=ar,,,hdnRootFldr|hdnRootFldr|hidden;txtGlobalKeywords|txtGlobalKeywords|البحث|text;cmbPartnerCategories|cmbPartnerCategories,2026-05-31,
WSCR-0106,BMLWE,ignore_low_signal,20,has_meaningful_form_fields,SRC-BMLWE-HOME,,forms_or_documents,EBML,https://ebml.gov.lb/,1713,,email|عنوان البريد الإلكتروني|text;submit|submit;full_name|الاسم الكامل|text;title|عنوان|text;message|رسالتك;formid|hidden;location|hidden;t|hidden;act|hidden,2026-05-31,
WSCR-0107,BMLWE,ignore_low_signal,20,has_meaningful_form_fields,SRC-BMLWE-HOME,,forms_or_documents,EBML,https://ebml.gov.lb/?lang=en,1713,,email|Email Address|text;submit|submit;full_name|Full Name|text;title|Title|text;message|Your Message;formid|hidden;location|hidden;t|hidden;act|hidden,2026-05-31,
WSCR-0108,BMLWE,already_registered,20,has_meaningful_form_fields,SRC-BMLWE-ABOUT,SRC-BMLWE-ABOUT,about,EBML | About Us,https://ebml.gov.lb/about.php?lang=en,1713,,email|Email Address|text;submit|submit;full_name|Full Name|text;title|Title|text;message|Your Message;formid|hidden;location|hidden;t|hidden;act|hidden,2026-05-31,
WSCR-0109,BMLWE,already_registered,20,has_meaningful_form_fields,SRC-BMLWE-ABOUT-PHP,SRC-BMLWE-ABOUT,about,EBML | About Us,https://ebml.gov.lb/about.php?lang=en&lang=ar,1713,,email|عنوان البريد الإلكتروني|text;submit|submit;full_name|الاسم الكامل|text;title|عنوان|text;message|رسالتك;formid|hidden;location|hidden;t|hidden;act|hidden,2026-05-31,
WSCR-0110,BMLWE,already_registered,20,has_meaningful_form_fields,SRC-BMLWE-ABOUT-PHP,SRC-BMLWE-ABOUT,about,EBML | About Us,https://ebml.gov.lb/about.php?lang=en&lang=en,1713,,email|Email Address|text;submit|submit;full_name|Full Name|text;title|Title|text;message|Your Message;formid|hidden;location|hidden;t|hidden;act|hidden,2026-05-31,
WSCR-0111,BMLWE,already_registered,20,has_meaningful_form_fields,SRC-BMLWE-FAQ,SRC-BMLWE-FAQ,forms_or_documents,EBML | Forms,https://ebml.gov.lb/faq.php?lang=en,1713,,email|Email Address|text;submit|submit;full_name|Full Name|text;title|Title|text;message|Your Message;formid|hidden;location|hidden;t|hidden;act|hidden,2026-05-31,
WSCR-0112,BMLWE,already_registered,20,has_meaningful_form_fields,SRC-BMLWE-FAQ-PHP,SRC-BMLWE-FAQ,forms_or_documents,EBML | Forms,https://ebml.gov.lb/faq.php?lang=en&lang=ar,1713,,email|عنوان البريد الإلكتروني|text;submit|submit;full_name|الاسم الكامل|text;title|عنوان|text;message|رسالتك;formid|hidden;location|hidden;t|hidden;act|hidden,2026-05-31,
WSCR-0113,BMLWE,already_registered,20,has_meaningful_form_fields,SRC-BMLWE-FAQ-PHP,SRC-BMLWE-FAQ,forms_or_documents,EBML | Forms,https://ebml.gov.lb/faq.php?lang=en&lang=en,1713,,email|Email Address|text;submit|submit;full_name|Full Name|text;title|Title|text;message|Your Message;formid|hidden;location|hidden;t|hidden;act|hidden,2026-05-31,
WSCR-0114,BMLWE,already_registered,20,has_meaningful_form_fields,SRC-BMLWE-FORMS,SRC-BMLWE-FORMS,forms_or_documents,EBML | Forms,https://ebml.gov.lb/forms.php?lang=en,1713,,email|Email Address|text;submit|submit;full_name|Full Name|text;title|Title|text;message|Your Message;formid|hidden;location|hidden;t|hidden;act|hidden,2026-05-31,
WSCR-0115,BMLWE,already_registered,20,has_meaningful_form_fields,SRC-BMLWE-FORMS-PHP,SRC-BMLWE-FORMS,forms_or_documents,EBML | Forms,https://ebml.gov.lb/forms.php?lang=en&lang=ar,1713,,email|عنوان البريد الإلكتروني|text;submit|submit;full_name|الاسم الكامل|text;title|عنوان|text;message|رسالتك;formid|hidden;location|hidden;t|hidden;act|hidden,2026-05-31,
WSCR-0116,BMLWE,already_registered,20,has_meaningful_form_fields,SRC-BMLWE-FORMS-PHP,SRC-BMLWE-FORMS,forms_or_documents,EBML | Forms,https://ebml.gov.lb/forms.php?lang=en&lang=en,1713,,email|Email Address|text;submit|submit;full_name|Full Name|text;title|Title|text;message|Your Message;formid|hidden;location|hidden;t|hidden;act|hidden,2026-05-31,
WSCR-0117,BMLWE,ignore_low_signal,20,has_meaningful_form_fields,SRC-BMLWE-LOGIN-PHP,,forms_or_documents,EBML | Login,https://ebml.gov.lb/login.php?lang=en,1713,,email|Email Address|text;password|Password|password;act|hidden;referer|hidden;submit|submit;full_name|Full Name|text;title|Title|text;message|Your Message;formid|hidden;location|hidden;t|hidden,2026-05-31,
WSCR-0118,BMLWE,ignore_low_signal,20,has_meaningful_form_fields,SRC-BMLWE-NEWSROOM-PHP,,news_or_notice,EBML | Newsroom,https://ebml.gov.lb/newsroom.php?lang=en,1713;1970,,email|Email Address|text;submit|submit;full_name|Full Name|text;title|Title|text;message|Your Message;formid|hidden;location|hidden;t|hidden;act|hidden,2026-05-31,
WSCR-0119,BMLWE,ignore_low_signal,20,has_meaningful_form_fields,SRC-BMLWE-PROJECTS-PHP,,forms_or_documents,EBML | Projects,https://ebml.gov.lb/projects.php?lang=en,1713,,email|Email Address|text;submit|submit;full_name|Full Name|text;title|Title|text;message|Your Message;formid|hidden;location|hidden;t|hidden;act|hidden,2026-05-31,
WSCR-0120,BMLWE,ignore_low_signal,20,has_meaningful_form_fields,SRC-BMLWE-VISION-PHP,,forms_or_documents,EBML | Vision,https://ebml.gov.lb/vision.php?lang=en,1713,,email|Email Address|text;submit|submit;full_name|Full Name|text;title|Title|text;message|Your Message;formid|hidden;location|hidden;t|hidden;act|hidden,2026-05-31,
WSCR-0121,LRA,ignore_low_signal,20,kind=projects_or_irrigation;has_meaningful_form_fields;noise_keyword,SRC-LRA-INDICATORS-ELECTRICITYPRODUCTIONS,,projects_or_irrigation,Electricity production,https://www.litani.gov.lb/en-us/indicators/electricityproductions,01- 662112,,GLobalSearchText|Search....|text;GlobalSearchButton|button;DxDateFromInput|hidden;DxDateToInput|hidden;Frequency;button,2026-05-31,
WSCR-0122,NLWE,ignore_low_signal,20,has_meaningful_form_fields,SRC-NLWE-ABOUT-AR,,about,about-ar,https://eeln.gov.lb/about-ar/,7420/200,,s|search-field|بحث...|search,2026-05-31,
WSCR-0123,LRA,ignore_low_signal,15,kind=projects_or_irrigation;water_signal;noise_keyword,SRC-LRA-EN-US,,projects_or_irrigation,Home Page - Litani River Authority,https://www.litani.gov.lb/en-us,8699300;01- 662112,,GLobalSearchText|Search....|text;GlobalSearchButton|button;HoveredImage#0|hidden;href|hidden;HoveredImage#1|hidden;HoveredImage#2|hidden,2026-05-31,
WSCR-0124,NLWE,ignore_low_signal,15,water_signal,SRC-NLWE-EN-WORLD-WATER-DAY-2026,,forms_or_documents,World Water Day 2026,https://eeln.gov.lb/en/world-water-day-2026/,,,s|search-field|Search...|search,2026-05-31,
WSCR-0125,BMLWE,already_registered,0,,SRC-BMLWE-USER-FORM-PHP,SRC-BMLWE-USER-FORM,forms_or_documents,,https://ebml.gov.lb/user_form.php?lang=en,,,,2026-05-31,
WSCR-0126,BWE,already_registered,0,kind=water_quality;water_signal;fetch_error,SRC-BWE-WATER-QUALITY,SRC-BWE-WATER-QUALITY,water_quality,,https://bwe.gov.lb/en/waterquality/,,,,2026-05-31,fetch_error=[SSL: TLSV1_ALERT_INTERNAL_ERROR] tlsv1 alert internal error (_ssl.c:1028)
WSCR-0127,LRA,ignore_low_signal,0,kind=projects_or_irrigation;noise_keyword,SRC-LRA-ABOUTLRA-CORPORATEAGREEMENTS,,projects_or_irrigation,Cooperation agreements,https://www.litani.gov.lb/en-us/aboutlra/corporateagreements,01- 662112,,GLobalSearchText|Search....|text;GlobalSearchButton|button;searchtext|SearchText|Search....|text;DxDateFromInput|hidden;DxDateToInput|hidden;button,2026-05-31,
WSCR-0128,LRA,ignore_low_signal,0,kind=projects_or_irrigation;noise_keyword,SRC-LRA-ABOUTLRA-WORLDBANKAGREEMENT,,projects_or_irrigation,World Bank Loan Agreement,https://www.litani.gov.lb/en-us/aboutlra/worldbankagreement,1962;1968;01- 662112,,GLobalSearchText|Search....|text;GlobalSearchButton|button;button;searchtext|SearchText|Search....|text;DxDateFromInput|hidden;DxDateToInput|hidden,2026-05-31,
WSCR-0129,LRA,ignore_low_signal,0,kind=projects_or_irrigation;noise_keyword,SRC-LRA-ABOUTLRA-YEARLYREPORT,,projects_or_irrigation,Annual reports,https://www.litani.gov.lb/en-us/aboutlra/yearlyreport,1999;1998;1997;1996;1995;1994;1993;1963;1960;01- 662112,,GLobalSearchText|Search....|text;GlobalSearchButton|button,2026-05-31,
WSCR-0130,LRA,ignore_low_signal,0,kind=projects_or_irrigation;noise_keyword,SRC-LRA-ANNOUNCEMENTS-CIRCULARS,,projects_or_irrigation,Circulars,https://www.litani.gov.lb/en-us/announcements/circulars,01- 662112,,GLobalSearchText|Search....|text;GlobalSearchButton|button;searchtext|SearchText|Search....|text;DxDateFromInput|hidden;DxDateToInput|hidden;button,2026-05-31,
WSCR-0131,LRA,ignore_low_signal,0,kind=projects_or_irrigation;noise_keyword,SRC-LRA-ANNOUNCEMENTS-EXTERNALCOMMUNICATIONS,,projects_or_irrigation,External Communications,https://www.litani.gov.lb/en-us/announcements/externalcommunications,01- 662112,,GLobalSearchText|Search....|text;GlobalSearchButton|button;searchtext|SearchText|Search....|text;DxDateFromInput|hidden;DxDateToInput|hidden;button,2026-05-31,
WSCR-0132,LRA,ignore_low_signal,0,kind=projects_or_irrigation;noise_keyword,SRC-LRA-ANNOUNCEMENTS-PROCUREMENTS,,projects_or_irrigation,Procurements,https://www.litani.gov.lb/en-us/announcements/procurements,01- 662112,,GLobalSearchText|Search....|text;GlobalSearchButton|button;searchtext|SearchText|Search....|text;DxDateFromInput|hidden;DxDateToInput|hidden;button,2026-05-31,
WSCR-0133,LRA,duplicate_variant,0,kind=projects_or_irrigation;noise_keyword,SRC-LRA-ANNOUNCEMENTS-PROCUREMENTS,,projects_or_irrigation,Procurements,https://www.litani.gov.lb/en-us/announcements/procurements,01- 662112,,GLobalSearchText|Search....|text;GlobalSearchButton|button;searchtext|SearchText|Search....|text;DxDateFromInput|hidden;DxDateToInput|hidden;button,2026-05-31,
WSCR-0134,LRA,ignore_low_signal,0,kind=projects_or_irrigation;noise_keyword,SRC-LRA-EN-US-GALLERY,,projects_or_irrigation,Photo Gallery,https://www.litani.gov.lb/en-us/gallery,01- 662112,,GLobalSearchText|Search....|text;GlobalSearchButton|button;Orders,2026-05-31,
WSCR-0135,LRA,ignore_low_signal,0,kind=projects_or_irrigation;noise_keyword,SRC-LRA-EN-US-QUICKLINKS,,projects_or_irrigation,Quick Links,https://www.litani.gov.lb/en-us/quicklinks,01- 662112,,GLobalSearchText|Search....|text;GlobalSearchButton|button,2026-05-31,
WSCR-0136,LRA,ignore_low_signal,0,kind=projects_or_irrigation;noise_keyword,SRC-LRA-EN-US-TERMSANDCONDITION,,projects_or_irrigation,Terms and Conditions,https://www.litani.gov.lb/en-us/termsandcondition,01- 662112,,GLobalSearchText|Search....|text;GlobalSearchButton|button,2026-05-31,
WSCR-0137,MEW,ignore_low_signal,0,has_meaningful_form_fields;has_email;water_signal;noise_keyword,SRC-MEW-99834-D8-B3-D9-8A-D8-B1-D8-A9-D8-B0-,,forms_or_documents,الموقع الرسمي لوزارة الطاقة والمياه | المدير العام للموارد المائية والكهربائية: سيرة ذاتية,https://www.energyandwater.gov.lb/ar/details/99834/%D8%B3%D9%8A%D8%B1%D8%A9-%D8%B0%D8%A7%D8%AA%D9%8A%D8%A9,1960;1987;1993;1999,gdher@terra.net.lb,hdnRootFldr|hdnRootFldr|hidden;cmbMinistriesSites|cmbMinistriesSites;txtGlobalKeywords|txtGlobalKeywords|البحث|text,2026-05-31,
WSCR-0138,NLWE,already_registered,0,,SRC-NLWE-ABOUT,SRC-NLWE-ABOUT,about,about,https://eeln.gov.lb/en/about/,7420/200,,s|search-field|Search...|search,2026-05-31,
WSCR-0139,NLWE,ignore_low_signal,0,,SRC-NLWE-EN-EID-AL-FITR,,forms_or_documents,Eid Al Fitr,https://eeln.gov.lb/en/eid-al-fitr/,,,s|search-field|Search...|search,2026-05-31,
WSCR-0140,NLWE,ignore_low_signal,0,,SRC-NLWE-EN-HAPPY-EASTER-2,,forms_or_documents,Happy Easter,https://eeln.gov.lb/en/happy-easter-2/,,,s|search-field|Search...|search,2026-05-31,
WSCR-0141,NLWE,ignore_low_signal,0,,SRC-NLWE-EN-HAPPY-NEW-YEAR-2,,forms_or_documents,Happy New Year,https://eeln.gov.lb/en/happy-new-year-2/,,,s|search-field|Search...|search,2026-05-31,
WSCR-0142,NLWE,ignore_low_signal,0,,SRC-NLWE-EN-HOME-CONSERVATION,,forms_or_documents,home-conservation,https://eeln.gov.lb/en/home-conservation/,,,s|search-field|Search...|search,2026-05-31,
WSCR-0143,NLWE,duplicate_variant,0,,SRC-NLWE-EN-HOME-CONSERVATION,,forms_or_documents,home-conservation,https://eeln.gov.lb/en/home-conservation/,,,s|search-field|Search...|search,2026-05-31,
WSCR-0144,NLWE,ignore_low_signal,0,,SRC-NLWE-EN-OUTDOOR-CONSERVATION,,forms_or_documents,outdoor-conservation,https://eeln.gov.lb/en/outdoor-conservation/,,,s|search-field|Search...|search,2026-05-31,
WSCR-0145,NLWE,ignore_low_signal,0,,SRC-NLWE-EN-PARTNERS,,forms_or_documents,partners,https://eeln.gov.lb/en/partners/,,,s|search-field|Search...|search,2026-05-31,
WSCR-0146,MEW,ignore_low_signal,-10,has_meaningful_form_fields;water_signal;noise_keyword,SRC-MEW-100366-D9-88-D8-B2-D9-8A-D8-B1-D8-A7,,forms_or_documents,الموقع الرسمي لوزارة الطاقة والمياه | وزير الطاقة والمياه,https://www.energyandwater.gov.lb/ar/details/100366/%D9%88%D8%B2%D9%8A%D8%B1-%D8%A7%D9%84%D8%B7%D8%A7%D9%82%D8%A9-%D9%88%D8%A7%D9%84%D9%85%D9%8A%D8%A7%D9%87,,,hdnRootFldr|hdnRootFldr|hidden;cmbMinistriesSites|cmbMinistriesSites;txtGlobalKeywords|txtGlobalKeywords|البحث|text,2026-05-31,
WSCR-0147,MEW,ignore_low_signal,-10,has_meaningful_form_fields;water_signal;noise_keyword,SRC-MEW-100500-D8-A7-D9-84-D8-B3-D9-8A-D8-B1,,forms_or_documents,الموقع الرسمي لوزارة الطاقة والمياه | السيرة الذاتية لوزير الطاقة والمياه,https://www.energyandwater.gov.lb/ar/details/100500/%D8%A7%D9%84%D8%B3%D9%8A%D8%B1%D8%A9-%D8%A7%D9%84%D8%B0%D8%A7%D8%AA%D9%8A%D8%A9-%D9%84%D9%88%D8%B2%D9%8A%D8%B1-%D8%A7%D9%84%D8%B7%D8%A7%D9%82%D8%A9-%D9%88%D8%A7%D9%84%D9%85%D9%8A%D8%A7%D9%87,1995;1997,,hdnRootFldr|hdnRootFldr|hidden;cmbMinistriesSites|cmbMinistriesSites;txtGlobalKeywords|txtGlobalKeywords|البحث|text,2026-05-31,
WSCR-0148,MEW,ignore_low_signal,-10,has_meaningful_form_fields;water_signal;noise_keyword,SRC-MEW-100883-D8-A7-D9-84-D8-AE-D8-B7-D8-A9,,forms_or_documents,الموقع الرسمي لوزارة الطاقة والمياه | الخطة الوطنية للنهوض المستدام بقطاع الكهرباء في لبنان,https://www.energyandwater.gov.lb/ar/details/100883/%D8%A7%D9%84%D8%AE%D8%B7%D8%A9-%D8%A7%D9%84%D9%88%D8%B7%D9%86%D9%8A%D8%A9-%D9%84%D9%84%D9%86%D9%87%D9%88%D8%B6-%D8%A7%D9%84%D9%85%D8%B3%D8%AA%D8%AF%D8%A7%D9%85-%D8%A8%D9%82%D8%B7%D8%A7%D8%B9-%D8%A7%D9%84%D9%83%D9%87%D8%B1%D8%A8%D8%A7-%D9%81%D9%8A-%D9%84%D8%A8%D9%86%D8%A7%D9%86,,,hdnRootFldr|hdnRootFldr|hidden;cmbMinistriesSites|cmbMinistriesSites;txtGlobalKeywords|txtGlobalKeywords|البحث|text,2026-05-31,
WSCR-0149,MEW,ignore_low_signal,-10,has_meaningful_form_fields;water_signal;noise_keyword,SRC-MEW-100888-ENGAGEMENT-OF-INDEPENDENT-VER,,forms_or_documents,"الموقع الرسمي لوزارة الطاقة والمياه | Engagement of Independent Verification Agent (IVA), Reference No.: MoEW/428/3/2022",https://www.energyandwater.gov.lb/ar/details/100888/engagement-of-independent-verification-agent-iva-reference-no-moew-428-3-2022,,,hdnRootFldr|hdnRootFldr|hidden;cmbMinistriesSites|cmbMinistriesSites;txtGlobalKeywords|txtGlobalKeywords|البحث|text,2026-05-31,
WSCR-0150,MEW,ignore_low_signal,-10,has_meaningful_form_fields;water_signal;noise_keyword,SRC-MEW-100889-ENGAGEMENT-OF-INDEPENDENT-VER,,forms_or_documents,"الموقع الرسمي لوزارة الطاقة والمياه | Engagement of Independent Verification Agent (IVA), Reference No.: MoEW/428/5/2022",https://www.energyandwater.gov.lb/ar/details/100889/engagement-of-independent-verification-agent-iva-reference-no-moew-428-5-2022,,,hdnRootFldr|hdnRootFldr|hidden;cmbMinistriesSites|cmbMinistriesSites;txtGlobalKeywords|txtGlobalKeywords|البحث|text,2026-05-31,
WSCR-0151,MEW,ignore_low_signal,-10,has_meaningful_form_fields;water_signal;noise_keyword,SRC-MEW-101117-D8-A7-D9-84-D8-B5-D8-AF-D9-8A,,forms_or_documents,الموقع الرسمي لوزارة الطاقة والمياه | الصدي: تأهيل خط الانابيب العربي في الجانب اللبناني ضمن مسار الانتقال لانتاج الطاقة على الغاز,https://www.energyandwater.gov.lb/ar/details/101117/%D8%A7%D9%84%D8%B5%D8%AF%D9%8A-%D8%AA%D8%A3%D9%87%D9%8A%D9%84-%D8%AE%D8%B7-%D8%A7%D9%84%D8%A7%D9%86%D8%A7%D8%A8%D9%8A%D8%A8-%D8%A7%D9%84%D8%B9%D8%B1%D8%A8%D9%8A-%D9%81%D9%8A-%D8%A7%D9%84%D8%AC%D8%A7%D9%86%D8%A8-%D8%A7%D9%84%D9%84%D8%A8%D9%86%D8%A7%D9%86%D9%8A-%D8%B6%D9%85%D9%86-%D9%85%D8%B3%D8%A7%D8%B1-%D8%A7%D9%84%D8%A7%D9%86%D8%AA%D9%82%D8%A7%D9%84-%D9%84%D8%A7%D9%86%D8%AA%D8%A7%D8%AC-%D8%A7%D9%84%D8%B7%D8%A7%D9%82%D8%A9-%D8%B9%D9%84%D9%89-%D8%A7%D9%84%D8%BA%D8%A7%D8%B2,,,hdnRootFldr|hdnRootFldr|hidden;cmbMinistriesSites|cmbMinistriesSites;txtGlobalKeywords|txtGlobalKeywords|البحث|text,2026-05-31,
WSCR-0152,MEW,ignore_low_signal,-10,has_meaningful_form_fields;water_signal;noise_keyword,SRC-MEW-101118-D8-A7-D9-84-D8-B7-D8-A7-D9-82,,forms_or_documents,"الموقع الرسمي لوزارة الطاقة والمياه | ‏""الطاقة"": لا هدر في ناقلة النفط ""BASILIS L"" بل صعوبات جراء تداعيات الحرب",https://www.energyandwater.gov.lb/ar/details/101118/%D8%A7%D9%84%D8%B7%D8%A7%D9%82%D8%A9-%D9%84%D8%A7-%D9%87%D8%AF%D8%B1-%D9%81%D9%8A-%D9%86%D8%A7%D9%82%D9%84%D8%A9-%D8%A7%D9%84%D9%86%D9%81%D8%B7-BASILIS-L-%D8%A8%D9%84-%D8%B5%D8%B9%D9%88%D8%A8%D8%A7%D8%AA-%D8%AC%D8%B1%D8%A7-%D8%AA%D8%AF%D8%A7%D8%B9%D9%8A%D8%A7%D8%AA-%D8%A7%D9%84%D8%AD%D8%B1%D8%A8,,,hdnRootFldr|hdnRootFldr|hidden;cmbMinistriesSites|cmbMinistriesSites;txtGlobalKeywords|txtGlobalKeywords|البحث|text,2026-05-31,
WSCR-0153,MEW,ignore_low_signal,-10,has_meaningful_form_fields;water_signal;noise_keyword,SRC-MEW-101120-D8-A7-D9-84-D8-B7-D8-A7-D9-82,,news_or_notice,"الموقع الرسمي لوزارة الطاقة والمياه | ""الطاقة"": الهبة العراقية مختومة في خزانات منشآت النفط خلافاً لإدعاءات ""الأخبار""",https://www.energyandwater.gov.lb/ar/details/101120/%D8%A7%D9%84%D8%B7%D8%A7%D9%82%D8%A9-%D8%A7%D9%84%D9%87%D8%A8%D8%A9-%D8%A7%D9%84%D8%B9%D8%B1%D8%A7%D9%82%D9%8A%D8%A9-%D9%85%D8%AE%D8%AA%D9%88%D9%85%D8%A9-%D9%81%D9%8A-%D8%AE%D8%B2%D8%A7%D9%86%D8%A7%D8%AA-%D9%85%D9%86%D8%B4-%D8%AA-%D8%A7%D9%84%D9%86%D9%81%D8%B7-%D8%AE%D9%84%D8%A7%D9%81%D8%A7-%D9%84%D8%A5%D8%AF%D8%B9%D8%A7-%D8%A7%D8%AA-%D8%A7%D9%84%D8%A3%D8%AE%D8%A8%D8%A7%D8%B1,,,hdnRootFldr|hdnRootFldr|hidden;cmbMinistriesSites|cmbMinistriesSites;txtGlobalKeywords|txtGlobalKeywords|البحث|text,2026-05-31,
WSCR-0154,MEW,ignore_low_signal,-10,has_meaningful_form_fields;water_signal;noise_keyword,SRC-MEW-99852-D9-87-D9-8A-D8-A6-D8-A9-D8-A5-,,forms_or_documents,الموقع الرسمي لوزارة الطاقة والمياه | هيئة إدارة قطاع البترول,https://www.energyandwater.gov.lb/ar/details/99852/%D9%87%D9%8A%D8%A6%D8%A9-%D8%A5%D8%AF%D8%A7%D8%B1%D8%A9-%D9%82%D8%B7%D8%A7%D8%B9-%D8%A7%D9%84%D8%A8%D8%AA%D8%B1%D9%88%D9%84,,,hdnRootFldr|hdnRootFldr|hidden;cmbMinistriesSites|cmbMinistriesSites;txtGlobalKeywords|txtGlobalKeywords|البحث|text,2026-05-31,
WSCR-0155,MEW,ignore_low_signal,-10,has_meaningful_form_fields;water_signal;noise_keyword,SRC-MEW-AWARENESS-CAMPAIGNS-SAVING-ENERGY,,forms_or_documents,الموقع الرسمي لوزارة الطاقة والمياه | حملات توعية,https://www.energyandwater.gov.lb/ar/listing/awareness-campaigns/saving-energy?l=3,,,hdnRootFldr|hdnRootFldr|hidden;cmbMinistriesSites|cmbMinistriesSites;txtGlobalKeywords|txtGlobalKeywords|البحث|text;hdnListingLayout|hidden;txtFilterKeywords|txtFilterKeywords|البحث|text;cmbCategories|cmbCategories,2026-05-31,
WSCR-0156,MEW,ignore_low_signal,-10,has_meaningful_form_fields;water_signal;noise_keyword,SRC-MEW-LISTING-BIDS,,forms_or_documents,الموقع الرسمي لوزارة الطاقة والمياه | تصنيف,https://www.energyandwater.gov.lb/ar/listing/bids?l=4,,,hdnRootFldr|hdnRootFldr|hidden;cmbMinistriesSites|cmbMinistriesSites;txtGlobalKeywords|txtGlobalKeywords|البحث|text;hdnListingLayout|hidden;txtFilterKeywords|txtFilterKeywords|البحث|text;hdnCategoryId|hidden,2026-05-31,
WSCR-0157,MEW,ignore_low_signal,-10,has_meaningful_form_fields;water_signal;noise_keyword,SRC-MEW-NEWSROOM-ANNOUNCEMENTS,,news_or_notice,الموقع الرسمي لوزارة الطاقة والمياه | الاخبار,https://www.energyandwater.gov.lb/ar/listing/newsroom/announcements?l=3,,,hdnRootFldr|hdnRootFldr|hidden;cmbMinistriesSites|cmbMinistriesSites;txtGlobalKeywords|txtGlobalKeywords|البحث|text;hdnListingLayout|hidden;txtFilterKeywords|txtFilterKeywords|البحث|text;txtFromDate|txtFromDate|من تاريخ|text;txtToDate|txtToDate|إلى تاريخ|text;cmbCategories|cmbCategories,2026-05-31,
WSCR-0158,MEW,ignore_low_signal,-10,has_meaningful_form_fields;water_signal;noise_keyword,SRC-MEW-NEWSROOM-NEWS,,news_or_notice,الموقع الرسمي لوزارة الطاقة والمياه | الاخبار,https://www.energyandwater.gov.lb/ar/listing/newsroom/news?l=3,,,hdnRootFldr|hdnRootFldr|hidden;cmbMinistriesSites|cmbMinistriesSites;txtGlobalKeywords|txtGlobalKeywords|البحث|text;hdnListingLayout|hidden;txtFilterKeywords|txtFilterKeywords|البحث|text;txtFromDate|txtFromDate|من تاريخ|text;txtToDate|txtToDate|إلى تاريخ|text;cmbCategories|cmbCategories,2026-05-31,
WSCR-0159,MEW,ignore_low_signal,-10,has_meaningful_form_fields;water_signal;noise_keyword,SRC-MEW-AR-MINISTERS,,forms_or_documents,الموقع الرسمي لوزارة الطاقة والمياه,https://www.energyandwater.gov.lb/ar/ministers,,,hdnRootFldr|hdnRootFldr|hidden;cmbMinistriesSites|cmbMinistriesSites;txtGlobalKeywords|txtGlobalKeywords|البحث|text,2026-05-31,
WSCR-0160,MEW,ignore_low_signal,-10,has_meaningful_form_fields;water_signal;noise_keyword,SRC-MEW-AR-PRICES,,forms_or_documents,الموقع الرسمي لوزارة الطاقة والمياه,https://www.energyandwater.gov.lb/ar/prices?type=1,,,hdnRootFldr|hdnRootFldr|hidden;cmbMinistriesSites|cmbMinistriesSites;txtGlobalKeywords|txtGlobalKeywords|البحث|text;hdnPriceTypeId|hdnPriceTypeId|hidden;txtFromDate|txtFromDate|من تاريخ|text;txtToDate|txtToDate|إلى تاريخ|text,2026-05-31,
WSCR-0161,MEW,ignore_low_signal,-10,has_meaningful_form_fields;water_signal;noise_keyword,SRC-MEW-AR-PRICES,,forms_or_documents,الموقع الرسمي لوزارة الطاقة والمياه,https://www.energyandwater.gov.lb/ar/prices?type=2,,,hdnRootFldr|hdnRootFldr|hidden;cmbMinistriesSites|cmbMinistriesSites;txtGlobalKeywords|txtGlobalKeywords|البحث|text;hdnPriceTypeId|hdnPriceTypeId|hidden;txtFromDate|txtFromDate|من تاريخ|text;txtToDate|txtToDate|إلى تاريخ|text,2026-05-31,
WSCR-0162,MEW,ignore_low_signal,-10,has_meaningful_form_fields;water_signal;noise_keyword,SRC-MEW-AR-PRICES,,forms_or_documents,الموقع الرسمي لوزارة الطاقة والمياه,https://www.energyandwater.gov.lb/ar/prices?type=3,,,hdnRootFldr|hdnRootFldr|hidden;cmbMinistriesSites|cmbMinistriesSites;txtGlobalKeywords|txtGlobalKeywords|البحث|text;hdnPriceTypeId|hdnPriceTypeId|hidden;txtFromDate|txtFromDate|من تاريخ|text;txtToDate|txtToDate|إلى تاريخ|text,2026-05-31,
WSCR-0163,MEW,ignore_low_signal,-10,has_meaningful_form_fields;water_signal;noise_keyword,SRC-MEW-AR-PRICES,,forms_or_documents,الموقع الرسمي لوزارة الطاقة والمياه,https://www.energyandwater.gov.lb/ar/prices?type=4,,,hdnRootFldr|hdnRootFldr|hidden;cmbMinistriesSites|cmbMinistriesSites;txtGlobalKeywords|txtGlobalKeywords|البحث|text;hdnPriceTypeId|hdnPriceTypeId|hidden;txtFromDate|txtFromDate|من تاريخ|text;txtToDate|txtToDate|إلى تاريخ|text,2026-05-31,
WSCR-0164,MEW,ignore_low_signal,-10,has_meaningful_form_fields;water_signal;noise_keyword,SRC-MEW-AR-PRICES,,forms_or_documents,الموقع الرسمي لوزارة الطاقة والمياه,https://www.energyandwater.gov.lb/ar/prices?type=5,,,hdnRootFldr|hdnRootFldr|hidden;cmbMinistriesSites|cmbMinistriesSites;txtGlobalKeywords|txtGlobalKeywords|البحث|text;hdnPriceTypeId|hdnPriceTypeId|hidden;txtFromDate|txtFromDate|من تاريخ|text;txtToDate|txtToDate|إلى تاريخ|text,2026-05-31,
WSCR-0165,MEW,ignore_low_signal,-10,has_meaningful_form_fields;water_signal;noise_keyword,SRC-MEW-AR-REGISTER-BUSINESS,,forms_or_documents,الموقع الرسمي لوزارة الطاقة والمياه,https://www.energyandwater.gov.lb/ar/register-business,,,hdnRootFldr|hdnRootFldr|hidden;cmbMinistriesSites|cmbMinistriesSites;txtGlobalKeywords|txtGlobalKeywords|البحث|text;hdnCategoryId|hidden;txtCompanyName|txtCompanyName|اسم الشركة*|text;txtFirstName|txtFirstName|الشخص المسؤول*|text;txtEmail|txtEmail|البريد الإلكتروني*|email;txtPhone|txtPhone|هاتف*|tel;cmbCountry|cmbCountry;hdnSubject|hidden;txtMessage|txtMessage|الرسالة,2026-05-31,
WSCR-0166,MEW,ignore_low_signal,-10,has_meaningful_form_fields;water_signal;noise_keyword,SRC-MEW-AR-TIMELINE,,forms_or_documents,الموقع الرسمي لوزارة الطاقة والمياه |,https://www.energyandwater.gov.lb/ar/timeline,,,hdnRootFldr|hdnRootFldr|hidden;cmbMinistriesSites|cmbMinistriesSites;txtGlobalKeywords|txtGlobalKeywords|البحث|text,2026-05-31,
WSCR-0167,SLWE,ignore_low_signal,-10,has_meaningful_form_fields;water_signal;noise_keyword,SRC-SLWE-DETAILS-PHP,,forms_or_documents,مؤسسة مياه لبنان الجنوبي | مناقصة تمديد شبكات مائية في عين قنيا,https://www.slwe.gov.lb/details.php?id=273&key=erp-%D9%85%D9%86%D8%A7%D9%82%D8%B5%D8%A9-%D8%AA%D8%AD%D8%AF%D9%8A%D8%AB-%D9%86%D8%B8%D8%A7%D9%85-%D8%A7%D9%84&lang=ar,,,hdnRootFldr|hdnRootFldr|hidden;txtGlobalKeywords|txtGlobalKeywords|البحث|text,2026-05-31,
WSCR-0168,BWE,already_registered,-15,kind=contact;fetch_error,SRC-BWE-CONTACT,SRC-BWE-CONTACT,contact,,https://bwe.gov.lb/en/contact/,,,,2026-05-31,fetch_error=[SSL: TLSV1_ALERT_INTERNAL_ERROR] tlsv1 alert internal error (_ssl.c:1028)
WSCR-0169,BWE,already_registered,-15,kind=customer_service;fetch_error,SRC-BWE-CUSTOMER-SERVICE,SRC-BWE-CUSTOMER-SERVICE,customer_service,,https://bwe.gov.lb/en/customer-services/,,,,2026-05-31,fetch_error=[SSL: TLSV1_ALERT_INTERNAL_ERROR] tlsv1 alert internal error (_ssl.c:1028)
WSCR-0170,BWE,already_registered,-15,kind=customer_service;fetch_error,SRC-BWE-FAQ,SRC-BWE-FAQ,customer_service,,https://bwe.gov.lb/en/customer-services1/,,,,2026-05-31,fetch_error=[SSL: TLSV1_ALERT_INTERNAL_ERROR] tlsv1 alert internal error (_ssl.c:1028)
WSCR-0171,BMLWE,ignore_low_signal,-25,has_meaningful_form_fields;noise_keyword,SRC-BMLWE-BIDS-PHP,,forms_or_documents,EBML | Bids,https://ebml.gov.lb/bids.php?lang=en,1713;1978;1572;1973;1707;1000;1428;1431;1372;1442;1441;1440,,email|Email Address|text;submit|submit;full_name|Full Name|text;title|Title|text;message|Your Message;formid|hidden;location|hidden;t|hidden;act|hidden,2026-05-31,
WSCR-0172,BMLWE,ignore_low_signal,-25,has_meaningful_form_fields;noise_keyword,SRC-BMLWE-CAREERS-PHP,,forms_or_documents,Careers | EBML,https://ebml.gov.lb/careers.php?lang=en,1713,,email|Email Address|text;submit|submit;full_name|Full Name|text;title|Title|text;message|Your Message;formid|hidden;location|hidden;t|hidden;act|hidden,2026-05-31,
WSCR-0173,BMLWE,ignore_low_signal,-25,has_meaningful_form_fields;noise_keyword,SRC-BMLWE-OTHER-PAGES-PHP,,forms_or_documents,EBML | Terms & Conditions,https://ebml.gov.lb/other_pages.php?lang=en&location=Other+%2F+Terms,1713,,email|Email Address|text;submit|submit;full_name|Full Name|text;title|Title|text;message|Your Message;formid|hidden;location|hidden;t|hidden;act|hidden,2026-05-31,
WSCR-0174,LRA,ignore_low_signal,-35,kind=projects_or_irrigation;technical_page,SRC-LRA-L-EMAIL-PROTECTION,,projects_or_irrigation,Email Protection | Cloudflare,https://www.litani.gov.lb/cdn-cgi/l/email-protection,,,,2026-05-31,
WSCR-0175,NLWE,ignore_low_signal,-45,noise_keyword,SRC-NLWE-EN-GALLERY,,forms_or_documents,Gallery,https://eeln.gov.lb/en/gallery/,,,s|search-field|Search...|search,2026-05-31,
WSCR-0176,BWE,already_registered,-60,fetch_error,SRC-BWE-ABOUT,SRC-BWE-ABOUT,about,,https://bwe.gov.lb/en/about/,,,,2026-05-31,fetch_error=[SSL: TLSV1_ALERT_INTERNAL_ERROR] tlsv1 alert internal error (_ssl.c:1028)
WSCR-0177,BWE,already_registered,-60,fetch_error,SRC-BWE-HOME,SRC-BWE-HOME,general,,https://bwe.gov.lb/en/home/,,,,2026-05-31,fetch_error=[SSL: TLSV1_ALERT_INTERNAL_ERROR] tlsv1 alert internal error (_ssl.c:1028)
