﻿file_name,size_bytes,sha256,created_at_utc
README_STRENGTHENED_V2.md,1732,122c9c42684c3a0fc925aaafcd7cb129bead7b3e8211a244d8aee0c5dcb99cff,2026-05-20T12:58:34Z
build_full_b_tier_variant_review_v2.csv,38296,bf24d61e2d21808a4f63caca80893661f03b92467affe0ed63cd2bc750f6da64,2026-05-20T12:58:34Z
build_full_candidate_bank_strengthened_v2.csv,304121,719cef1c238d5dc86a6a5052ae4888e870d7a2872006dbc5d1ec5aaff46846ad,2026-05-20T12:58:34Z
build_full_core_review_candidates_v2.csv,58353,9baf10132d4539ec5627ce2607b7544f064ac3d5ba3f39ddfb60346ba053c78e,2026-05-20T12:58:34Z
build_full_general_support_review_v2.csv,412271,9b1d12621a07e595ef02ed5fbab6449d885d2498fa1d829d88780237004dc032,2026-05-20T12:58:34Z
build_full_high_impact_additions_v2.csv,16937,a3058b12730351438d9a752bb782cc5f12c9505296e14495ac0b6dde478075f3,2026-05-20T12:58:34Z
build_full_high_risk_hitl_review_v2.csv,162381,4aaa42a445af16a73173982aa37de2776c51357446acbebd2c9608bc24cab837,2026-05-20T12:58:34Z
build_full_import_roadmap_v2.csv,1076,2539c3e4b9aa263f7a0e0c2810ae38b2b7da9f8604069e6e024030de390a8b9a,2026-05-20T12:58:34Z
build_full_lexicon_fixed_v2.py,110890,3a2eb1f3082144540791e093969ce058976c49a9a51e46a6834bb7e64a8f32b3,2026-05-20T12:58:34Z
build_full_quarantine_rewrite_required_v2.csv,27508,4fdb444fcb8ff71e87d4dde5bf40b48866a585dfe084a8f846cc20abf25d9613,2026-05-20T12:58:34Z
build_full_reviewer_queue_v2.csv,325765,3dc783d595c9ef0f51c1f8f0075e1e108ae049e272fa7a4224b9366928aef455,2026-05-20T12:58:34Z
build_full_rewrite_suggestions_v2.csv,6643,986849731145f255a6199723cec083901da7b8545347b5e9dd471616cf4f522e,2026-05-20T12:58:34Z
build_full_v2_policy_rules.csv,736,f1d24969d45de148971031b6d1445c2d5f475587b81a686f28908501bafe160b,2026-05-20T12:58:34Z
build_full_validation_report_v2.csv,203,fe29b17db739dca68219cf8f92e65ad94f33d130475fedc66672dde3aed8496e,2026-05-20T12:58:34Z
build_full_variant_lookup_strengthened_v2.csv,979691,f502b3daa980752815e9906c39990b792671ee160a0e90990c672cfaaeaa917e,2026-05-20T12:58:34Z
