﻿variant_id,candidate_id,variant,normalized_variant,arabic_normalization,sector,issue_type,category,tier,trust_status,review_priority,reason,review_status,reviewer_id,decision,second_reviewer_required,production_use_now
BFL-CAND-0001-V01,BFL-CAND-0001,7ofra,7ofra,حفرة,ROADS,POTHOLE,noun_infra,A,A_TIER_READY_FOR_NATIVE_REVIEW,P2_CORE_REVIEW_READY,A-tier low-risk non-support variant; still requires native review.,PENDING_NATIVE_REVIEW,UNASSIGNED,NEEDS_REVIEW,FALSE,FALSE
BFL-CAND-0001-V02,BFL-CAND-0001,7afra,7afra,حفرة,ROADS,POTHOLE,noun_infra,A,A_TIER_READY_FOR_NATIVE_REVIEW,P2_CORE_REVIEW_READY,A-tier low-risk non-support variant; still requires native review.,PENDING_NATIVE_REVIEW,UNASSIGNED,NEEDS_REVIEW,FALSE,FALSE
BFL-CAND-0002-V01,BFL-CAND-0002,jora,jora,جورة,ROADS,POTHOLE,noun_infra,A,A_TIER_READY_FOR_NATIVE_REVIEW,P2_CORE_REVIEW_READY,A-tier low-risk non-support variant; still requires native review.,PENDING_NATIVE_REVIEW,UNASSIGNED,NEEDS_REVIEW,FALSE,FALSE
BFL-CAND-0002-V02,BFL-CAND-0002,joura,joura,جورة,ROADS,POTHOLE,noun_infra,A,A_TIER_READY_FOR_NATIVE_REVIEW,P2_CORE_REVIEW_READY,A-tier low-risk non-support variant; still requires native review.,PENDING_NATIVE_REVIEW,UNASSIGNED,NEEDS_REVIEW,FALSE,FALSE
BFL-CAND-0003-V01,BFL-CAND-0003,7afarat,7afarat,حفرات,ROADS,POTHOLE,noun_infra,A,A_TIER_READY_FOR_NATIVE_REVIEW,P2_CORE_REVIEW_READY,A-tier low-risk non-support variant; still requires native review.,PENDING_NATIVE_REVIEW,UNASSIGNED,NEEDS_REVIEW,FALSE,FALSE
BFL-CAND-0003-V05,BFL-CAND-0003,jourat,jourat,حفرات,ROADS,POTHOLE,noun_infra,A,A_TIER_READY_FOR_NATIVE_REVIEW,P2_CORE_REVIEW_READY,A-tier low-risk non-support variant; still requires native review.,PENDING_NATIVE_REVIEW,UNASSIGNED,NEEDS_REVIEW,FALSE,FALSE
BFL-CAND-0009-V01,BFL-CAND-0009,rasif,rasif,رصيف,ROADS,BROKEN_SIDEWALK,noun_infra,A,A_TIER_READY_FOR_NATIVE_REVIEW,P2_CORE_REVIEW_READY,A-tier low-risk non-support variant; still requires native review.,PENDING_NATIVE_REVIEW,UNASSIGNED,NEEDS_REVIEW,FALSE,FALSE
BFL-CAND-0009-V02,BFL-CAND-0009,rasife,rasife,رصيف,ROADS,BROKEN_SIDEWALK,noun_infra,A,A_TIER_READY_FOR_NATIVE_REVIEW,P2_CORE_REVIEW_READY,A-tier low-risk non-support variant; still requires native review.,PENDING_NATIVE_REVIEW,UNASSIGNED,NEEDS_REVIEW,FALSE,FALSE
BFL-CAND-0010-V01,BFL-CAND-0010,bardore,bardore,بردورة,ROADS,BROKEN_SIDEWALK,noun_infra,A,A_TIER_READY_FOR_NATIVE_REVIEW,P2_CORE_REVIEW_READY,A-tier low-risk non-support variant; still requires native review.,PENDING_NATIVE_REVIEW,UNASSIGNED,NEEDS_REVIEW,FALSE,FALSE
BFL-CAND-0010-V02,BFL-CAND-0010,bardoura,bardoura,بردورة,ROADS,BROKEN_SIDEWALK,noun_infra,A,A_TIER_READY_FOR_NATIVE_REVIEW,P2_CORE_REVIEW_READY,A-tier low-risk non-support variant; still requires native review.,PENDING_NATIVE_REVIEW,UNASSIGNED,NEEDS_REVIEW,FALSE,FALSE
BFL-CAND-0010-V04,BFL-CAND-0010,l bardore,l bardore,بردورة,ROADS,BROKEN_SIDEWALK,noun_infra,A,A_TIER_READY_FOR_NATIVE_REVIEW,P2_CORE_REVIEW_READY,A-tier low-risk non-support variant; still requires native review.,PENDING_NATIVE_REVIEW,UNASSIGNED,NEEDS_REVIEW,FALSE,FALSE
BFL-CAND-0011-V01,BFL-CAND-0011,balat,balat,بلاط,ROADS,BROKEN_SIDEWALK,noun_infra,A,A_TIER_READY_FOR_NATIVE_REVIEW,P2_CORE_REVIEW_READY,A-tier low-risk non-support variant; still requires native review.,PENDING_NATIVE_REVIEW,UNASSIGNED,NEEDS_REVIEW,FALSE,FALSE
BFL-CAND-0012-V01,BFL-CAND-0012,ghata biar,ghata biar,غطاء بئر,ROADS,MISSING_MANHOLE,noun_infra,A,A_TIER_READY_FOR_NATIVE_REVIEW,P2_CORE_REVIEW_READY,A-tier low-risk non-support variant; still requires native review.,PENDING_NATIVE_REVIEW,UNASSIGNED,NEEDS_REVIEW,FALSE,FALSE
BFL-CAND-0012-V02,BFL-CAND-0012,ghata l biar,ghata l biar,غطاء بئر,ROADS,MISSING_MANHOLE,noun_infra,A,A_TIER_READY_FOR_NATIVE_REVIEW,P2_CORE_REVIEW_READY,A-tier low-risk non-support variant; still requires native review.,PENDING_NATIVE_REVIEW,UNASSIGNED,NEEDS_REVIEW,FALSE,FALSE
BFL-CAND-0012-V03,BFL-CAND-0012,ghata l biyar,ghata l biyar,غطاء بئر,ROADS,MISSING_MANHOLE,noun_infra,A,A_TIER_READY_FOR_NATIVE_REVIEW,P2_CORE_REVIEW_READY,A-tier low-risk non-support variant; still requires native review.,PENDING_NATIVE_REVIEW,UNASSIGNED,NEEDS_REVIEW,FALSE,FALSE
BFL-CAND-0012-V06,BFL-CAND-0012,ghata mafqoud,ghata mafqoud,غطاء بئر,ROADS,MISSING_MANHOLE,noun_infra,A,A_TIER_READY_FOR_NATIVE_REVIEW,P2_CORE_REVIEW_READY,A-tier low-risk non-support variant; still requires native review.,PENDING_NATIVE_REVIEW,UNASSIGNED,NEEDS_REVIEW,FALSE,FALSE
BFL-CAND-0013-V01,BFL-CAND-0013,biar,biar,بئر / بيار,ROADS,MISSING_MANHOLE,noun_infra,A,A_TIER_READY_FOR_NATIVE_REVIEW,P2_CORE_REVIEW_READY,A-tier low-risk non-support variant; still requires native review.,PENDING_NATIVE_REVIEW,UNASSIGNED,NEEDS_REVIEW,FALSE,FALSE
BFL-CAND-0013-V02,BFL-CAND-0013,biyar,biyar,بئر / بيار,ROADS,MISSING_MANHOLE,noun_infra,A,A_TIER_READY_FOR_NATIVE_REVIEW,P2_CORE_REVIEW_READY,A-tier low-risk non-support variant; still requires native review.,PENDING_NATIVE_REVIEW,UNASSIGNED,NEEDS_REVIEW,FALSE,FALSE
BFL-CAND-0014-V01,BFL-CAND-0014,matab,matab,مطب,ROADS,ROAD_DAMAGE,noun_infra,A,A_TIER_READY_FOR_NATIVE_REVIEW,P2_CORE_REVIEW_READY,A-tier low-risk non-support variant; still requires native review.,PENDING_NATIVE_REVIEW,UNASSIGNED,NEEDS_REVIEW,FALSE,FALSE
BFL-CAND-0014-V02,BFL-CAND-0014,matabb,matabb,مطب,ROADS,ROAD_DAMAGE,noun_infra,A,A_TIER_READY_FOR_NATIVE_REVIEW,P2_CORE_REVIEW_READY,A-tier low-risk non-support variant; still requires native review.,PENDING_NATIVE_REVIEW,UNASSIGNED,NEEDS_REVIEW,FALSE,FALSE
BFL-CAND-0014-V04,BFL-CAND-0014,l matab,l matab,مطب,ROADS,ROAD_DAMAGE,noun_infra,A,A_TIER_READY_FOR_NATIVE_REVIEW,P2_CORE_REVIEW_READY,A-tier low-risk non-support variant; still requires native review.,PENDING_NATIVE_REVIEW,UNASSIGNED,NEEDS_REVIEW,FALSE,FALSE
BFL-CAND-0014-V06,BFL-CAND-0014,l matabeat,l matabeat,مطب,ROADS,ROAD_DAMAGE,noun_infra,A,A_TIER_READY_FOR_NATIVE_REVIEW,P2_CORE_REVIEW_READY,A-tier low-risk non-support variant; still requires native review.,PENDING_NATIVE_REVIEW,UNASSIGNED,NEEDS_REVIEW,FALSE,FALSE
BFL-CAND-0015-V01,BFL-CAND-0015,kaser sur3a,kaser sur3a,كاسر سرعة,ROADS,ROAD_DAMAGE,noun_infra,A,A_TIER_READY_FOR_NATIVE_REVIEW,P2_CORE_REVIEW_READY,A-tier low-risk non-support variant; still requires native review.,PENDING_NATIVE_REVIEW,UNASSIGNED,NEEDS_REVIEW,FALSE,FALSE
BFL-CAND-0016-V01,BFL-CAND-0016,jisr,jisr,جسر / كوبري,ROADS,ROAD_COLLAPSE,noun_infra,A,A_TIER_READY_FOR_NATIVE_REVIEW,P2_CORE_REVIEW_READY,A-tier low-risk non-support variant; still requires native review.,PENDING_NATIVE_REVIEW,UNASSIGNED,NEEDS_REVIEW,FALSE,FALSE
BFL-CAND-0016-V02,BFL-CAND-0016,koubri,koubri,جسر / كوبري,ROADS,ROAD_COLLAPSE,noun_infra,A,A_TIER_READY_FOR_NATIVE_REVIEW,P2_CORE_REVIEW_READY,A-tier low-risk non-support variant; still requires native review.,PENDING_NATIVE_REVIEW,UNASSIGNED,NEEDS_REVIEW,FALSE,FALSE
BFL-CAND-0016-V03,BFL-CAND-0016,kobri,kobri,جسر / كوبري,ROADS,ROAD_COLLAPSE,noun_infra,A,A_TIER_READY_FOR_NATIVE_REVIEW,P2_CORE_REVIEW_READY,A-tier low-risk non-support variant; still requires native review.,PENDING_NATIVE_REVIEW,UNASSIGNED,NEEDS_REVIEW,FALSE,FALSE
BFL-CAND-0016-V05,BFL-CAND-0016,l jisr,l jisr,جسر / كوبري,ROADS,ROAD_COLLAPSE,noun_infra,A,A_TIER_READY_FOR_NATIVE_REVIEW,P2_CORE_REVIEW_READY,A-tier low-risk non-support variant; still requires native review.,PENDING_NATIVE_REVIEW,UNASSIGNED,NEEDS_REVIEW,FALSE,FALSE
BFL-CAND-0016-V06,BFL-CAND-0016,l koubri,l koubri,جسر / كوبري,ROADS,ROAD_COLLAPSE,noun_infra,A,A_TIER_READY_FOR_NATIVE_REVIEW,P2_CORE_REVIEW_READY,A-tier low-risk non-support variant; still requires native review.,PENDING_NATIVE_REVIEW,UNASSIGNED,NEEDS_REVIEW,FALSE,FALSE
BFL-CAND-0017-V01,BFL-CAND-0017,nafa2,nafa2,نفق,ROADS,ROAD_BLOCKED,noun_infra,A,A_TIER_READY_FOR_NATIVE_REVIEW,P2_CORE_REVIEW_READY,A-tier low-risk non-support variant; still requires native review.,PENDING_NATIVE_REVIEW,UNASSIGNED,NEEDS_REVIEW,FALSE,FALSE
BFL-CAND-0017-V04,BFL-CAND-0017,l nafa2,l nafa2,نفق,ROADS,ROAD_BLOCKED,noun_infra,A,A_TIER_READY_FOR_NATIVE_REVIEW,P2_CORE_REVIEW_READY,A-tier low-risk non-support variant; still requires native review.,PENDING_NATIVE_REVIEW,UNASSIGNED,NEEDS_REVIEW,FALSE,FALSE
BFL-CAND-0018-V01,BFL-CAND-0018,7ajez,7ajez,حاجز,ROADS,ROAD_BLOCKED,noun_infra,A,A_TIER_READY_FOR_NATIVE_REVIEW,P2_CORE_REVIEW_READY,A-tier low-risk non-support variant; still requires native review.,PENDING_NATIVE_REVIEW,UNASSIGNED,NEEDS_REVIEW,FALSE,FALSE
BFL-CAND-0021-V01,BFL-CAND-0021,feu,feu,إشارة ضوئية,ROADS,ROAD_BLOCKED,noun_infra,A,A_TIER_READY_FOR_NATIVE_REVIEW,P2_CORE_REVIEW_READY,A-tier low-risk non-support variant; still requires native review.,PENDING_NATIVE_REVIEW,UNASSIGNED,NEEDS_REVIEW,FALSE,FALSE
BFL-CAND-0021-V02,BFL-CAND-0021,l feu,l feu,إشارة ضوئية,ROADS,ROAD_BLOCKED,noun_infra,A,A_TIER_READY_FOR_NATIVE_REVIEW,P2_CORE_REVIEW_READY,A-tier low-risk non-support variant; still requires native review.,PENDING_NATIVE_REVIEW,UNASSIGNED,NEEDS_REVIEW,FALSE,FALSE
BFL-CAND-0021-V03,BFL-CAND-0021,feu rouge,feu rouge,إشارة ضوئية,ROADS,ROAD_BLOCKED,noun_infra,A,A_TIER_READY_FOR_NATIVE_REVIEW,P2_CORE_REVIEW_READY,A-tier low-risk non-support variant; still requires native review.,PENDING_NATIVE_REVIEW,UNASSIGNED,NEEDS_REVIEW,FALSE,FALSE
BFL-CAND-0023-V01,BFL-CAND-0023,ta7wile,ta7wile,تحويلة,ROADS,ROAD_BLOCKED,noun_infra,A,A_TIER_READY_FOR_NATIVE_REVIEW,P2_CORE_REVIEW_READY,A-tier low-risk non-support variant; still requires native review.,PENDING_NATIVE_REVIEW,UNASSIGNED,NEEDS_REVIEW,FALSE,FALSE
BFL-CAND-0023-V03,BFL-CAND-0023,msar bedil,msar bedil,تحويلة,ROADS,ROAD_BLOCKED,noun_infra,A,A_TIER_READY_FOR_NATIVE_REVIEW,P2_CORE_REVIEW_READY,A-tier low-risk non-support variant; still requires native review.,PENDING_NATIVE_REVIEW,UNASSIGNED,NEEDS_REVIEW,FALSE,FALSE
BFL-CAND-0023-V04,BFL-CAND-0023,ta7wili,ta7wili,تحويلة,ROADS,ROAD_BLOCKED,noun_infra,A,A_TIER_READY_FOR_NATIVE_REVIEW,P2_CORE_REVIEW_READY,A-tier low-risk non-support variant; still requires native review.,PENDING_NATIVE_REVIEW,UNASSIGNED,NEEDS_REVIEW,FALSE,FALSE
BFL-CAND-0024-V01,BFL-CAND-0024,za7me,za7me,زحمة,ROADS,ROAD_BLOCKED,noun_infra,A,A_TIER_READY_FOR_NATIVE_REVIEW,P2_CORE_REVIEW_READY,A-tier low-risk non-support variant; still requires native review.,PENDING_NATIVE_REVIEW,UNASSIGNED,NEEDS_REVIEW,FALSE,FALSE
BFL-CAND-0024-V03,BFL-CAND-0024,za7meh,za7meh,زحمة,ROADS,ROAD_BLOCKED,noun_infra,A,A_TIER_READY_FOR_NATIVE_REVIEW,P2_CORE_REVIEW_READY,A-tier low-risk non-support variant; still requires native review.,PENDING_NATIVE_REVIEW,UNASSIGNED,NEEDS_REVIEW,FALSE,FALSE
BFL-CAND-0024-V05,BFL-CAND-0024,za7me ktir,za7me ktir,زحمة,ROADS,ROAD_BLOCKED,noun_infra,A,A_TIER_READY_FOR_NATIVE_REVIEW,P2_CORE_REVIEW_READY,A-tier low-risk non-support variant; still requires native review.,PENDING_NATIVE_REVIEW,UNASSIGNED,NEEDS_REVIEW,FALSE,FALSE
BFL-CAND-0024-V06,BFL-CAND-0024,za7mit seer,za7mit seer,زحمة,ROADS,ROAD_BLOCKED,noun_infra,A,A_TIER_READY_FOR_NATIVE_REVIEW,P2_CORE_REVIEW_READY,A-tier low-risk non-support variant; still requires native review.,PENDING_NATIVE_REVIEW,UNASSIGNED,NEEDS_REVIEW,FALSE,FALSE
BFL-CAND-0025-V01,BFL-CAND-0025,she3el,she3el,أعمال,ROADS,ROAD_BLOCKED,noun_infra,A,A_TIER_READY_FOR_NATIVE_REVIEW,P2_CORE_REVIEW_READY,A-tier low-risk non-support variant; still requires native review.,PENDING_NATIVE_REVIEW,UNASSIGNED,NEEDS_REVIEW,FALSE,FALSE
BFL-CAND-0025-V02,BFL-CAND-0025,shi3el,shi3el,أعمال,ROADS,ROAD_BLOCKED,noun_infra,A,A_TIER_READY_FOR_NATIVE_REVIEW,P2_CORE_REVIEW_READY,A-tier low-risk non-support variant; still requires native review.,PENDING_NATIVE_REVIEW,UNASSIGNED,NEEDS_REVIEW,FALSE,FALSE
BFL-CAND-0025-V04,BFL-CAND-0025,she3el tari2,she3el tari2,أعمال,ROADS,ROAD_BLOCKED,noun_infra,A,A_TIER_READY_FOR_NATIVE_REVIEW,P2_CORE_REVIEW_READY,A-tier low-risk non-support variant; still requires native review.,PENDING_NATIVE_REVIEW,UNASSIGNED,NEEDS_REVIEW,FALSE,FALSE
BFL-CAND-0025-V05,BFL-CAND-0025,fi she3el,fi she3el,أعمال,ROADS,ROAD_BLOCKED,noun_infra,A,A_TIER_READY_FOR_NATIVE_REVIEW,P2_CORE_REVIEW_READY,A-tier low-risk non-support variant; still requires native review.,PENDING_NATIVE_REVIEW,UNASSIGNED,NEEDS_REVIEW,FALSE,FALSE
BFL-CAND-0026-V01,BFL-CAND-0026,7afr,7afr,حفر / خندق,ROADS,ROAD_BLOCKED,noun_infra,A,A_TIER_READY_FOR_NATIVE_REVIEW,P2_CORE_REVIEW_READY,A-tier low-risk non-support variant; still requires native review.,PENDING_NATIVE_REVIEW,UNASSIGNED,NEEDS_REVIEW,FALSE,FALSE
BFL-CAND-0026-V02,BFL-CAND-0026,5ande2,5ande2,حفر / خندق,ROADS,ROAD_BLOCKED,noun_infra,A,A_TIER_READY_FOR_NATIVE_REVIEW,P2_CORE_REVIEW_READY,A-tier low-risk non-support variant; still requires native review.,PENDING_NATIVE_REVIEW,UNASSIGNED,NEEDS_REVIEW,FALSE,FALSE
BFL-CAND-0026-V06,BFL-CAND-0026,she3el 7afr,she3el 7afr,حفر / خندق,ROADS,ROAD_BLOCKED,noun_infra,A,A_TIER_READY_FOR_NATIVE_REVIEW,P2_CORE_REVIEW_READY,A-tier low-risk non-support variant; still requires native review.,PENDING_NATIVE_REVIEW,UNASSIGNED,NEEDS_REVIEW,FALSE,FALSE
BFL-CAND-0027-V01,BFL-CAND-0027,jrafe,jrafe,جرافة / حفارة,ROADS,ROAD_BLOCKED,noun_infra,A,A_TIER_READY_FOR_NATIVE_REVIEW,P2_CORE_REVIEW_READY,A-tier low-risk non-support variant; still requires native review.,PENDING_NATIVE_REVIEW,UNASSIGNED,NEEDS_REVIEW,FALSE,FALSE
BFL-CAND-0027-V03,BFL-CAND-0027,7affar,7affar,جرافة / حفارة,ROADS,ROAD_BLOCKED,noun_infra,A,A_TIER_READY_FOR_NATIVE_REVIEW,P2_CORE_REVIEW_READY,A-tier low-risk non-support variant; still requires native review.,PENDING_NATIVE_REVIEW,UNASSIGNED,NEEDS_REVIEW,FALSE,FALSE
BFL-CAND-0027-V04,BFL-CAND-0027,7affare,7affare,جرافة / حفارة,ROADS,ROAD_BLOCKED,noun_infra,A,A_TIER_READY_FOR_NATIVE_REVIEW,P2_CORE_REVIEW_READY,A-tier low-risk non-support variant; still requires native review.,PENDING_NATIVE_REVIEW,UNASSIGNED,NEEDS_REVIEW,FALSE,FALSE
BFL-CAND-0031-V01,BFL-CAND-0031,shajar seket,shajar seket,شجرة ساقطة,ROADS,ROAD_BLOCKED,noun_infra,A,A_TIER_READY_FOR_NATIVE_REVIEW,P2_CORE_REVIEW_READY,A-tier low-risk non-support variant; still requires native review.,PENDING_NATIVE_REVIEW,UNASSIGNED,NEEDS_REVIEW,FALSE,FALSE
BFL-CAND-0031-V02,BFL-CAND-0031,shajre sak3a,shajre sak3a,شجرة ساقطة,ROADS,ROAD_BLOCKED,noun_infra,A,A_TIER_READY_FOR_NATIVE_REVIEW,P2_CORE_REVIEW_READY,A-tier low-risk non-support variant; still requires native review.,PENDING_NATIVE_REVIEW,UNASSIGNED,NEEDS_REVIEW,FALSE,FALSE
BFL-CAND-0031-V03,BFL-CAND-0031,shajar 3al tari2,shajar 3al tari2,شجرة ساقطة,ROADS,ROAD_BLOCKED,noun_infra,A,A_TIER_READY_FOR_NATIVE_REVIEW,P2_CORE_REVIEW_READY,A-tier low-risk non-support variant; still requires native review.,PENDING_NATIVE_REVIEW,UNASSIGNED,NEEDS_REVIEW,FALSE,FALSE
BFL-CAND-0031-V04,BFL-CAND-0031,shajara saktet,shajara saktet,شجرة ساقطة,ROADS,ROAD_BLOCKED,noun_infra,A,A_TIER_READY_FOR_NATIVE_REVIEW,P2_CORE_REVIEW_READY,A-tier low-risk non-support variant; still requires native review.,PENDING_NATIVE_REVIEW,UNASSIGNED,NEEDS_REVIEW,FALSE,FALSE
BFL-CAND-0032-V01,BFL-CAND-0032,sa5ra saktet,sa5ra saktet,صخرة / انزلاق تربة,ROADS,ROAD_BLOCKED,noun_infra,A,A_TIER_READY_FOR_NATIVE_REVIEW,P2_CORE_REVIEW_READY,A-tier low-risk non-support variant; still requires native review.,PENDING_NATIVE_REVIEW,UNASSIGNED,NEEDS_REVIEW,FALSE,FALSE
BFL-CAND-0032-V02,BFL-CAND-0032,sa5ra 3al tari2,sa5ra 3al tari2,صخرة / انزلاق تربة,ROADS,ROAD_BLOCKED,noun_infra,A,A_TIER_READY_FOR_NATIVE_REVIEW,P2_CORE_REVIEW_READY,A-tier low-risk non-support variant; still requires native review.,PENDING_NATIVE_REVIEW,UNASSIGNED,NEEDS_REVIEW,FALSE,FALSE
BFL-CAND-0033-V01,BFL-CAND-0033,hobout ardi,hobout ardi,هبوط أرضي,ROADS,ROAD_COLLAPSE,noun_infra,A,A_TIER_READY_FOR_NATIVE_REVIEW,P2_CORE_REVIEW_READY,A-tier low-risk non-support variant; still requires native review.,PENDING_NATIVE_REVIEW,UNASSIGNED,NEEDS_REVIEW,FALSE,FALSE
BFL-CAND-0033-V02,BFL-CAND-0033,hobout l ard,hobout l ard,هبوط أرضي,ROADS,ROAD_COLLAPSE,noun_infra,A,A_TIER_READY_FOR_NATIVE_REVIEW,P2_CORE_REVIEW_READY,A-tier low-risk non-support variant; still requires native review.,PENDING_NATIVE_REVIEW,UNASSIGNED,NEEDS_REVIEW,FALSE,FALSE
BFL-CAND-0033-V03,BFL-CAND-0033,l ard nbset,l ard nbset,هبوط أرضي,ROADS,ROAD_COLLAPSE,noun_infra,A,A_TIER_READY_FOR_NATIVE_REVIEW,P2_CORE_REVIEW_READY,A-tier low-risk non-support variant; still requires native review.,PENDING_NATIVE_REVIEW,UNASSIGNED,NEEDS_REVIEW,FALSE,FALSE
BFL-CAND-0033-V05,BFL-CAND-0033,l tari2 nbesat,l tari2 nbesat,هبوط أرضي,ROADS,ROAD_COLLAPSE,noun_infra,A,A_TIER_READY_FOR_NATIVE_REVIEW,P2_CORE_REVIEW_READY,A-tier low-risk non-support variant; still requires native review.,PENDING_NATIVE_REVIEW,UNASSIGNED,NEEDS_REVIEW,FALSE,FALSE
BFL-CAND-0034-V01,BFL-CAND-0034,tashaddo2at,tashaddo2at,تشقق / تشققات,ROADS,ROAD_CRACK,noun_infra,A,A_TIER_READY_FOR_NATIVE_REVIEW,P2_CORE_REVIEW_READY,A-tier low-risk non-support variant; still requires native review.,PENDING_NATIVE_REVIEW,UNASSIGNED,NEEDS_REVIEW,FALSE,FALSE
BFL-CAND-0040-V01,BFL-CAND-0040,ketal kharsoune,ketal kharsoune,كتل خرسانية,ROADS,ROAD_BLOCKED,noun_infra,A,A_TIER_READY_FOR_NATIVE_REVIEW,P2_CORE_REVIEW_READY,A-tier low-risk non-support variant; still requires native review.,PENDING_NATIVE_REVIEW,UNASSIGNED,NEEDS_REVIEW,FALSE,FALSE
BFL-CAND-0040-V02,BFL-CAND-0040,l ketal,l ketal,كتل خرسانية,ROADS,ROAD_BLOCKED,noun_infra,A,A_TIER_READY_FOR_NATIVE_REVIEW,P2_CORE_REVIEW_READY,A-tier low-risk non-support variant; still requires native review.,PENDING_NATIVE_REVIEW,UNASSIGNED,NEEDS_REVIEW,FALSE,FALSE
BFL-CAND-0040-V03,BFL-CAND-0040,block kharsoune,block kharsoune,كتل خرسانية,ROADS,ROAD_BLOCKED,noun_infra,A,A_TIER_READY_FOR_NATIVE_REVIEW,P2_CORE_REVIEW_READY,A-tier low-risk non-support variant; still requires native review.,PENDING_NATIVE_REVIEW,UNASSIGNED,NEEDS_REVIEW,FALSE,FALSE
BFL-CAND-0044-V01,BFL-CAND-0044,tsha22a2,tsha22a2,تشقق,ROADS,ROAD_CRACK,verb,A,A_TIER_READY_FOR_NATIVE_REVIEW,P2_CORE_REVIEW_READY,A-tier low-risk non-support variant; still requires native review.,PENDING_NATIVE_REVIEW,UNASSIGNED,NEEDS_REVIEW,FALSE,FALSE
BFL-CAND-0047-V01,BFL-CAND-0047,7awwalo l seer,7awwalo l seer,حوّل المرور,ROADS,ROAD_BLOCKED,verb,A,A_TIER_READY_FOR_NATIVE_REVIEW,P2_CORE_REVIEW_READY,A-tier low-risk non-support variant; still requires native review.,PENDING_NATIVE_REVIEW,UNASSIGNED,NEEDS_REVIEW,FALSE,FALSE
BFL-CAND-0047-V02,BFL-CAND-0047,3amelo ta7wile,3amelo ta7wile,حوّل المرور,ROADS,ROAD_BLOCKED,verb,A,A_TIER_READY_FOR_NATIVE_REVIEW,P2_CORE_REVIEW_READY,A-tier low-risk non-support variant; still requires native review.,PENDING_NATIVE_REVIEW,UNASSIGNED,NEEDS_REVIEW,FALSE,FALSE
BFL-CAND-0047-V03,BFL-CAND-0047,ta7wile sal3a,ta7wile sal3a,حوّل المرور,ROADS,ROAD_BLOCKED,verb,A,A_TIER_READY_FOR_NATIVE_REVIEW,P2_CORE_REVIEW_READY,A-tier low-risk non-support variant; still requires native review.,PENDING_NATIVE_REVIEW,UNASSIGNED,NEEDS_REVIEW,FALSE,FALSE
BFL-CAND-0047-V04,BFL-CAND-0047,7awwalo l tari2,7awwalo l tari2,حوّل المرور,ROADS,ROAD_BLOCKED,verb,A,A_TIER_READY_FOR_NATIVE_REVIEW,P2_CORE_REVIEW_READY,A-tier low-risk non-support variant; still requires native review.,PENDING_NATIVE_REVIEW,UNASSIGNED,NEEDS_REVIEW,FALSE,FALSE
BFL-CAND-0048-V01,BFL-CAND-0048,seket,seket,سقط / وقع,ROADS,ROAD_BLOCKED,verb,A,A_TIER_READY_FOR_NATIVE_REVIEW,P2_CORE_REVIEW_READY,A-tier low-risk non-support variant; still requires native review.,PENDING_NATIVE_REVIEW,UNASSIGNED,NEEDS_REVIEW,FALSE,FALSE
BFL-CAND-0048-V03,BFL-CAND-0048,we2e3,we2e3,سقط / وقع,ROADS,ROAD_BLOCKED,verb,A,A_TIER_READY_FOR_NATIVE_REVIEW,P2_CORE_REVIEW_READY,A-tier low-risk non-support variant; still requires native review.,PENDING_NATIVE_REVIEW,UNASSIGNED,NEEDS_REVIEW,FALSE,FALSE
BFL-CAND-0049-V02,BFL-CAND-0049,3am yi7fru,3am yi7fru,حفروا,ROADS,ROAD_BLOCKED,verb,A,A_TIER_READY_FOR_NATIVE_REVIEW,P2_CORE_REVIEW_READY,A-tier low-risk non-support variant; still requires native review.,PENDING_NATIVE_REVIEW,UNASSIGNED,NEEDS_REVIEW,FALSE,FALSE
BFL-CAND-0049-V03,BFL-CAND-0049,7afaret,7afaret,حفروا,ROADS,ROAD_BLOCKED,verb,A,A_TIER_READY_FOR_NATIVE_REVIEW,P2_CORE_REVIEW_READY,A-tier low-risk non-support variant; still requires native review.,PENDING_NATIVE_REVIEW,UNASSIGNED,NEEDS_REVIEW,FALSE,FALSE
BFL-CAND-0049-V04,BFL-CAND-0049,7afaro,7afaro,حفروا,ROADS,ROAD_BLOCKED,verb,A,A_TIER_READY_FOR_NATIVE_REVIEW,P2_CORE_REVIEW_READY,A-tier low-risk non-support variant; still requires native review.,PENDING_NATIVE_REVIEW,UNASSIGNED,NEEDS_REVIEW,FALSE,FALSE
BFL-CAND-0050-V01,BFL-CAND-0050,n7arafet,n7arafet,انحرفت,ROADS,POTHOLE,verb,A,A_TIER_READY_FOR_NATIVE_REVIEW,P2_CORE_REVIEW_READY,A-tier low-risk non-support variant; still requires native review.,PENDING_NATIVE_REVIEW,UNASSIGNED,NEEDS_REVIEW,FALSE,FALSE
BFL-CAND-0050-V02,BFL-CAND-0050,tin7arif,tin7arif,انحرفت,ROADS,POTHOLE,verb,A,A_TIER_READY_FOR_NATIVE_REVIEW,P2_CORE_REVIEW_READY,A-tier low-risk non-support variant; still requires native review.,PENDING_NATIVE_REVIEW,UNASSIGNED,NEEDS_REVIEW,FALSE,FALSE
BFL-CAND-0050-V03,BFL-CAND-0050,3am tin7arif,3am tin7arif,انحرفت,ROADS,POTHOLE,verb,A,A_TIER_READY_FOR_NATIVE_REVIEW,P2_CORE_REVIEW_READY,A-tier low-risk non-support variant; still requires native review.,PENDING_NATIVE_REVIEW,UNASSIGNED,NEEDS_REVIEW,FALSE,FALSE
BFL-CAND-0050-V04,BFL-CAND-0050,n7araf,n7araf,انحرفت,ROADS,POTHOLE,verb,A,A_TIER_READY_FOR_NATIVE_REVIEW,P2_CORE_REVIEW_READY,A-tier low-risk non-support variant; still requires native review.,PENDING_NATIVE_REVIEW,UNASSIGNED,NEEDS_REVIEW,FALSE,FALSE
BFL-CAND-0051-V01,BFL-CAND-0051,nkasaret,nkasaret,تكسرت,ROADS,ROAD_CRACK,verb,A,A_TIER_READY_FOR_NATIVE_REVIEW,P2_CORE_REVIEW_READY,A-tier low-risk non-support variant; still requires native review.,PENDING_NATIVE_REVIEW,UNASSIGNED,NEEDS_REVIEW,FALSE,FALSE
BFL-CAND-0051-V02,BFL-CAND-0051,tkassr,tkassr,تكسرت,ROADS,ROAD_CRACK,verb,A,A_TIER_READY_FOR_NATIVE_REVIEW,P2_CORE_REVIEW_READY,A-tier low-risk non-support variant; still requires native review.,PENDING_NATIVE_REVIEW,UNASSIGNED,NEEDS_REVIEW,FALSE,FALSE
BFL-CAND-0052-V02,BFL-CAND-0052,ma2tou3,ma2tou3,مسدود / مقطوع,ROADS,ROAD_BLOCKED,adjective,A,A_TIER_READY_FOR_NATIVE_REVIEW,P2_CORE_REVIEW_READY,A-tier low-risk non-support variant; still requires native review.,PENDING_NATIVE_REVIEW,UNASSIGNED,NEEDS_REVIEW,FALSE,FALSE
BFL-CAND-0054-V01,BFL-CAND-0054,ma7loul,ma7loul,مهالك / خرب,ROADS,ROAD_DAMAGE,adjective,A,A_TIER_READY_FOR_NATIVE_REVIEW,P2_CORE_REVIEW_READY,A-tier low-risk non-support variant; still requires native review.,PENDING_NATIVE_REVIEW,UNASSIGNED,NEEDS_REVIEW,FALSE,FALSE
BFL-CAND-0054-V02,BFL-CAND-0054,ma7loule,ma7loule,مهالك / خرب,ROADS,ROAD_DAMAGE,adjective,A,A_TIER_READY_FOR_NATIVE_REVIEW,P2_CORE_REVIEW_READY,A-tier low-risk non-support variant; still requires native review.,PENDING_NATIVE_REVIEW,UNASSIGNED,NEEDS_REVIEW,FALSE,FALSE
BFL-CAND-0054-V03,BFL-CAND-0054,5arban,5arban,مهالك / خرب,ROADS,ROAD_DAMAGE,adjective,A,A_TIER_READY_FOR_NATIVE_REVIEW,P2_CORE_REVIEW_READY,A-tier low-risk non-support variant; still requires native review.,PENDING_NATIVE_REVIEW,UNASSIGNED,NEEDS_REVIEW,FALSE,FALSE
BFL-CAND-0054-V04,BFL-CAND-0054,5arbe,5arbe,مهالك / خرب,ROADS,ROAD_DAMAGE,adjective,A,A_TIER_READY_FOR_NATIVE_REVIEW,P2_CORE_REVIEW_READY,A-tier low-risk non-support variant; still requires native review.,PENDING_NATIVE_REVIEW,UNASSIGNED,NEEDS_REVIEW,FALSE,FALSE
BFL-CAND-0055-V01,BFL-CAND-0055,mafqoud,mafqoud,مفقود / ناقص,ROADS,MISSING_MANHOLE,adjective,A,A_TIER_READY_FOR_NATIVE_REVIEW,P2_CORE_REVIEW_READY,A-tier low-risk non-support variant; still requires native review.,PENDING_NATIVE_REVIEW,UNASSIGNED,NEEDS_REVIEW,FALSE,FALSE
BFL-CAND-0055-V02,BFL-CAND-0055,na2es,na2es,مفقود / ناقص,ROADS,MISSING_MANHOLE,adjective,A,A_TIER_READY_FOR_NATIVE_REVIEW,P2_CORE_REVIEW_READY,A-tier low-risk non-support variant; still requires native review.,PENDING_NATIVE_REVIEW,UNASSIGNED,NEEDS_REVIEW,FALSE,FALSE
BFL-CAND-0055-V04,BFL-CAND-0055,ma fi,ma fi,مفقود / ناقص,ROADS,MISSING_MANHOLE,adjective,A,A_TIER_READY_FOR_NATIVE_REVIEW,P2_CORE_REVIEW_READY,A-tier low-risk non-support variant; still requires native review.,PENDING_NATIVE_REVIEW,UNASSIGNED,NEEDS_REVIEW,FALSE,FALSE
BFL-CAND-0055-V06,BFL-CAND-0055,mish mawjoud,mish mawjoud,مفقود / ناقص,ROADS,MISSING_MANHOLE,adjective,A,A_TIER_READY_FOR_NATIVE_REVIEW,P2_CORE_REVIEW_READY,A-tier low-risk non-support variant; still requires native review.,PENDING_NATIVE_REVIEW,UNASSIGNED,NEEDS_REVIEW,FALSE,FALSE
BFL-CAND-0056-V01,BFL-CAND-0056,zale2,zale2,زلق,ROADS,ROAD_DAMAGE,adjective,A,A_TIER_READY_FOR_NATIVE_REVIEW,P2_CORE_REVIEW_READY,A-tier low-risk non-support variant; still requires native review.,PENDING_NATIVE_REVIEW,UNASSIGNED,NEEDS_REVIEW,FALSE,FALSE
BFL-CAND-0056-V02,BFL-CAND-0056,zale2a,zale2a,زلق,ROADS,ROAD_DAMAGE,adjective,A,A_TIER_READY_FOR_NATIVE_REVIEW,P2_CORE_REVIEW_READY,A-tier low-risk non-support variant; still requires native review.,PENDING_NATIVE_REVIEW,UNASSIGNED,NEEDS_REVIEW,FALSE,FALSE
BFL-CAND-0056-V05,BFL-CAND-0056,5atir zale2,5atir zale2,زلق,ROADS,ROAD_DAMAGE,adjective,A,A_TIER_READY_FOR_NATIVE_REVIEW,P2_CORE_REVIEW_READY,A-tier low-risk non-support variant; still requires native review.,PENDING_NATIVE_REVIEW,UNASSIGNED,NEEDS_REVIEW,FALSE,FALSE
BFL-CAND-0057-V01,BFL-CAND-0057,mnantekh,mnantekh,منتفخ / مرتفع,ROADS,ROAD_DAMAGE,adjective,A,A_TIER_READY_FOR_NATIVE_REVIEW,P2_CORE_REVIEW_READY,A-tier low-risk non-support variant; still requires native review.,PENDING_NATIVE_REVIEW,UNASSIGNED,NEEDS_REVIEW,FALSE,FALSE
BFL-CAND-0060-V01,BFL-CAND-0060,anboub,anboub,أنبوب / أنابيب,WATER,PIPE_LEAK,noun_infra,A,A_TIER_READY_FOR_NATIVE_REVIEW,P2_CORE_REVIEW_READY,A-tier low-risk non-support variant; still requires native review.,PENDING_NATIVE_REVIEW,UNASSIGNED,NEEDS_REVIEW,FALSE,FALSE
BFL-CAND-0060-V06,BFL-CAND-0060,l anboub,l anboub,أنبوب / أنابيب,WATER,PIPE_LEAK,noun_infra,A,A_TIER_READY_FOR_NATIVE_REVIEW,P2_CORE_REVIEW_READY,A-tier low-risk non-support variant; still requires native review.,PENDING_NATIVE_REVIEW,UNASSIGNED,NEEDS_REVIEW,FALSE,FALSE
BFL-CAND-0064-V01,BFL-CAND-0064,khazzen,khazzen,خزان مياه,WATER,WATER_CUT,noun_infra,A,A_TIER_READY_FOR_NATIVE_REVIEW,P2_CORE_REVIEW_READY,A-tier low-risk non-support variant; still requires native review.,PENDING_NATIVE_REVIEW,UNASSIGNED,NEEDS_REVIEW,FALSE,FALSE
BFL-CAND-0064-V03,BFL-CAND-0064,khazzan,khazzan,خزان مياه,WATER,WATER_CUT,noun_infra,A,A_TIER_READY_FOR_NATIVE_REVIEW,P2_CORE_REVIEW_READY,A-tier low-risk non-support variant; still requires native review.,PENDING_NATIVE_REVIEW,UNASSIGNED,NEEDS_REVIEW,FALSE,FALSE
BFL-CAND-0064-V05,BFL-CAND-0064,l khazzen,l khazzen,خزان مياه,WATER,WATER_CUT,noun_infra,A,A_TIER_READY_FOR_NATIVE_REVIEW,P2_CORE_REVIEW_READY,A-tier low-risk non-support variant; still requires native review.,PENDING_NATIVE_REVIEW,UNASSIGNED,NEEDS_REVIEW,FALSE,FALSE
BFL-CAND-0064-V06,BFL-CAND-0064,5azzenet l may,5azzenet l may,خزان مياه,WATER,WATER_CUT,noun_infra,A,A_TIER_READY_FOR_NATIVE_REVIEW,P2_CORE_REVIEW_READY,A-tier low-risk non-support variant; still requires native review.,PENDING_NATIVE_REVIEW,UNASSIGNED,NEEDS_REVIEW,FALSE,FALSE
BFL-CAND-0065-V04,BFL-CAND-0065,sa7rij,sa7rij,صهريج,WATER,WATER_CUT,noun_infra,A,A_TIER_READY_FOR_NATIVE_REVIEW,P2_CORE_REVIEW_READY,A-tier low-risk non-support variant; still requires native review.,PENDING_NATIVE_REVIEW,UNASSIGNED,NEEDS_REVIEW,FALSE,FALSE
BFL-CAND-0066-V01,BFL-CAND-0066,tasarroub,tasarroub,تسرب,WATER,PIPE_LEAK,noun_infra,A,A_TIER_READY_FOR_NATIVE_REVIEW,P2_CORE_REVIEW_READY,A-tier low-risk non-support variant; still requires native review.,PENDING_NATIVE_REVIEW,UNASSIGNED,NEEDS_REVIEW,FALSE,FALSE
BFL-CAND-0066-V05,BFL-CAND-0066,tasarroub l may,tasarroub l may,تسرب,WATER,PIPE_LEAK,noun_infra,A,A_TIER_READY_FOR_NATIVE_REVIEW,P2_CORE_REVIEW_READY,A-tier low-risk non-support variant; still requires native review.,PENDING_NATIVE_REVIEW,UNASSIGNED,NEEDS_REVIEW,FALSE,FALSE
BFL-CAND-0067-V01,BFL-CAND-0067,anboub nkassar,anboub nkassar,كسر أنبوب / انفجار أنبوب,WATER,PIPE_LEAK,noun_infra,A,A_TIER_READY_FOR_NATIVE_REVIEW,P2_CORE_REVIEW_READY,A-tier low-risk non-support variant; still requires native review.,PENDING_NATIVE_REVIEW,UNASSIGNED,NEEDS_REVIEW,FALSE,FALSE
BFL-CAND-0067-V02,BFL-CAND-0067,kasret anboub,kasret anboub,كسر أنبوب / انفجار أنبوب,WATER,PIPE_LEAK,noun_infra,A,A_TIER_READY_FOR_NATIVE_REVIEW,P2_CORE_REVIEW_READY,A-tier low-risk non-support variant; still requires native review.,PENDING_NATIVE_REVIEW,UNASSIGNED,NEEDS_REVIEW,FALSE,FALSE
BFL-CAND-0068-V01,BFL-CAND-0068,wasle,wasle,وصلة أنابيب,WATER,PIPE_LEAK,noun_infra,A,A_TIER_READY_FOR_NATIVE_REVIEW,P2_CORE_REVIEW_READY,A-tier low-risk non-support variant; still requires native review.,PENDING_NATIVE_REVIEW,UNASSIGNED,NEEDS_REVIEW,FALSE,FALSE
BFL-CAND-0068-V02,BFL-CAND-0068,wasleh,wasleh,وصلة أنابيب,WATER,PIPE_LEAK,noun_infra,A,A_TIER_READY_FOR_NATIVE_REVIEW,P2_CORE_REVIEW_READY,A-tier low-risk non-support variant; still requires native review.,PENDING_NATIVE_REVIEW,UNASSIGNED,NEEDS_REVIEW,FALSE,FALSE
BFL-CAND-0068-V03,BFL-CAND-0068,waslet anabib,waslet anabib,وصلة أنابيب,WATER,PIPE_LEAK,noun_infra,A,A_TIER_READY_FOR_NATIVE_REVIEW,P2_CORE_REVIEW_READY,A-tier low-risk non-support variant; still requires native review.,PENDING_NATIVE_REVIEW,UNASSIGNED,NEEDS_REVIEW,FALSE,FALSE
BFL-CAND-0071-V01,BFL-CAND-0071,jadwal l may,jadwal l may,جدول المياه,WATER,WATER_CUT,noun_infra,A,A_TIER_READY_FOR_NATIVE_REVIEW,P2_CORE_REVIEW_READY,A-tier low-risk non-support variant; still requires native review.,PENDING_NATIVE_REVIEW,UNASSIGNED,NEEDS_REVIEW,FALSE,FALSE
BFL-CAND-0071-V05,BFL-CAND-0071,jadwal l BMLWE,jadwal l bmlwe,جدول المياه,WATER,WATER_CUT,noun_infra,A,A_TIER_READY_FOR_NATIVE_REVIEW,P2_CORE_REVIEW_READY,A-tier low-risk non-support variant; still requires native review.,PENDING_NATIVE_REVIEW,UNASSIGNED,NEEDS_REVIEW,FALSE,FALSE
BFL-CAND-0072-V01,BFL-CAND-0072,may mal7a,may mal7a,مياه مالحة,WATER,DIRTY_WATER,noun_infra,A,A_TIER_READY_FOR_NATIVE_REVIEW,P2_CORE_REVIEW_READY,A-tier low-risk non-support variant; still requires native review.,PENDING_NATIVE_REVIEW,UNASSIGNED,NEEDS_REVIEW,FALSE,FALSE
BFL-CAND-0073-V01,BFL-CAND-0073,may sawda,may sawda,مياه بنية / صدئة,WATER,DIRTY_WATER,noun_infra,A,A_TIER_READY_FOR_NATIVE_REVIEW,P2_CORE_REVIEW_READY,A-tier low-risk non-support variant; still requires native review.,PENDING_NATIVE_REVIEW,UNASSIGNED,NEEDS_REVIEW,FALSE,FALSE
BFL-CAND-0073-V02,BFL-CAND-0073,may bniyi,may bniyi,مياه بنية / صدئة,WATER,DIRTY_WATER,noun_infra,A,A_TIER_READY_FOR_NATIVE_REVIEW,P2_CORE_REVIEW_READY,A-tier low-risk non-support variant; still requires native review.,PENDING_NATIVE_REVIEW,UNASSIGNED,NEEDS_REVIEW,FALSE,FALSE
BFL-CAND-0073-V05,BFL-CAND-0073,may bi lawn,may bi lawn,مياه بنية / صدئة,WATER,DIRTY_WATER,noun_infra,A,A_TIER_READY_FOR_NATIVE_REVIEW,P2_CORE_REVIEW_READY,A-tier low-risk non-support variant; still requires native review.,PENDING_NATIVE_REVIEW,UNASSIGNED,NEEDS_REVIEW,FALSE,FALSE
BFL-CAND-0073-V06,BFL-CAND-0073,may wane l lawn,may wane l lawn,مياه بنية / صدئة,WATER,DIRTY_WATER,noun_infra,A,A_TIER_READY_FOR_NATIVE_REVIEW,P2_CORE_REVIEW_READY,A-tier low-risk non-support variant; still requires native review.,PENDING_NATIVE_REVIEW,UNASSIGNED,NEEDS_REVIEW,FALSE,FALSE
BFL-CAND-0074-V01,BFL-CAND-0074,may bayde,may bayde,مياه بيضاء,WATER,DIRTY_WATER,noun_infra,A,A_TIER_READY_FOR_NATIVE_REVIEW,P2_CORE_REVIEW_READY,A-tier low-risk non-support variant; still requires native review.,PENDING_NATIVE_REVIEW,UNASSIGNED,NEEDS_REVIEW,FALSE,FALSE
BFL-CAND-0075-V01,BFL-CAND-0075,raghwe bi l may,raghwe bi l may,رغوة في المياه,WATER,DIRTY_WATER,noun_infra,A,A_TIER_READY_FOR_NATIVE_REVIEW,P2_CORE_REVIEW_READY,A-tier low-risk non-support variant; still requires native review.,PENDING_NATIVE_REVIEW,UNASSIGNED,NEEDS_REVIEW,FALSE,FALSE
BFL-CAND-0075-V03,BFL-CAND-0075,may fi rghwe,may fi rghwe,رغوة في المياه,WATER,DIRTY_WATER,noun_infra,A,A_TIER_READY_FOR_NATIVE_REVIEW,P2_CORE_REVIEW_READY,A-tier low-risk non-support variant; still requires native review.,PENDING_NATIVE_REVIEW,UNASSIGNED,NEEDS_REVIEW,FALSE,FALSE
BFL-CAND-0076-V01,BFL-CAND-0076,ri7et klor,ri7et klor,رائحة كلور,WATER,DIRTY_WATER,noun_infra,A,A_TIER_READY_FOR_NATIVE_REVIEW,P2_CORE_REVIEW_READY,A-tier low-risk non-support variant; still requires native review.,PENDING_NATIVE_REVIEW,UNASSIGNED,NEEDS_REVIEW,FALSE,FALSE
BFL-CAND-0076-V02,BFL-CAND-0076,ri7et clore,ri7et clore,رائحة كلور,WATER,DIRTY_WATER,noun_infra,A,A_TIER_READY_FOR_NATIVE_REVIEW,P2_CORE_REVIEW_READY,A-tier low-risk non-support variant; still requires native review.,PENDING_NATIVE_REVIEW,UNASSIGNED,NEEDS_REVIEW,FALSE,FALSE
BFL-CAND-0076-V03,BFL-CAND-0076,ri7et l may bi klor,ri7et l may bi klor,رائحة كلور,WATER,DIRTY_WATER,noun_infra,A,A_TIER_READY_FOR_NATIVE_REVIEW,P2_CORE_REVIEW_READY,A-tier low-risk non-support variant; still requires native review.,PENDING_NATIVE_REVIEW,UNASSIGNED,NEEDS_REVIEW,FALSE,FALSE
BFL-CAND-0077-V01,BFL-CAND-0077,ta3met gharibe,ta3met gharibe,طعم غريب,WATER,DIRTY_WATER,noun_infra,A,A_TIER_READY_FOR_NATIVE_REVIEW,P2_CORE_REVIEW_READY,A-tier low-risk non-support variant; still requires native review.,PENDING_NATIVE_REVIEW,UNASSIGNED,NEEDS_REVIEW,FALSE,FALSE
BFL-CAND-0077-V02,BFL-CAND-0077,ta3m mish mni7,ta3m mish mni7,طعم غريب,WATER,DIRTY_WATER,noun_infra,A,A_TIER_READY_FOR_NATIVE_REVIEW,P2_CORE_REVIEW_READY,A-tier low-risk non-support variant; still requires native review.,PENDING_NATIVE_REVIEW,UNASSIGNED,NEEDS_REVIEW,FALSE,FALSE
BFL-CAND-0077-V03,BFL-CAND-0077,ta3m may 5arbe,ta3m may 5arbe,طعم غريب,WATER,DIRTY_WATER,noun_infra,A,A_TIER_READY_FOR_NATIVE_REVIEW,P2_CORE_REVIEW_READY,A-tier low-risk non-support variant; still requires native review.,PENDING_NATIVE_REVIEW,UNASSIGNED,NEEDS_REVIEW,FALSE,FALSE
BFL-CAND-0077-V04,BFL-CAND-0077,ta3m may wse5,ta3m may wse5,طعم غريب,WATER,DIRTY_WATER,noun_infra,A,A_TIER_READY_FOR_NATIVE_REVIEW,P2_CORE_REVIEW_READY,A-tier low-risk non-support variant; still requires native review.,PENDING_NATIVE_REVIEW,UNASSIGNED,NEEDS_REVIEW,FALSE,FALSE
BFL-CAND-0078-V01,BFL-CAND-0078,daght l may,daght l may,ضغط المياه,WATER,LOW_PRESSURE,noun_infra,A,A_TIER_READY_FOR_NATIVE_REVIEW,P2_CORE_REVIEW_READY,A-tier low-risk non-support variant; still requires native review.,PENDING_NATIVE_REVIEW,UNASSIGNED,NEEDS_REVIEW,FALSE,FALSE
BFL-CAND-0078-V03,BFL-CAND-0078,l daght,l daght,ضغط المياه,WATER,LOW_PRESSURE,noun_infra,A,A_TIER_READY_FOR_NATIVE_REVIEW,P2_CORE_REVIEW_READY,A-tier low-risk non-support variant; still requires native review.,PENDING_NATIVE_REVIEW,UNASSIGNED,NEEDS_REVIEW,FALSE,FALSE
BFL-CAND-0078-V04,BFL-CAND-0078,daght khafif,daght khafif,ضغط المياه,WATER,LOW_PRESSURE,noun_infra,A,A_TIER_READY_FOR_NATIVE_REVIEW,P2_CORE_REVIEW_READY,A-tier low-risk non-support variant; still requires native review.,PENDING_NATIVE_REVIEW,UNASSIGNED,NEEDS_REVIEW,FALSE,FALSE
BFL-CAND-0078-V05,BFL-CAND-0078,daght na2es,daght na2es,ضغط المياه,WATER,LOW_PRESSURE,noun_infra,A,A_TIER_READY_FOR_NATIVE_REVIEW,P2_CORE_REVIEW_READY,A-tier low-risk non-support variant; still requires native review.,PENDING_NATIVE_REVIEW,UNASSIGNED,NEEDS_REVIEW,FALSE,FALSE
BFL-CAND-0082-V02,BFL-CAND-0082,l biyara,l biyara,بيارة / حفرة صرف,WATER,SEWAGE_OVERFLOW,noun_infra,A,A_TIER_READY_FOR_NATIVE_REVIEW,P2_CORE_REVIEW_READY,A-tier low-risk non-support variant; still requires native review.,PENDING_NATIVE_REVIEW,UNASSIGNED,NEEDS_REVIEW,FALSE,FALSE
BFL-CAND-0082-V03,BFL-CAND-0082,7ofret sarf,7ofret sarf,بيارة / حفرة صرف,WATER,SEWAGE_OVERFLOW,noun_infra,A,A_TIER_READY_FOR_NATIVE_REVIEW,P2_CORE_REVIEW_READY,A-tier low-risk non-support variant; still requires native review.,PENDING_NATIVE_REVIEW,UNASSIGNED,NEEDS_REVIEW,FALSE,FALSE
BFL-CAND-0083-V01,BFL-CAND-0083,may sarif,may sarif,مياه صرف صحي,WATER,SEWAGE_OVERFLOW,noun_infra,A,A_TIER_READY_FOR_NATIVE_REVIEW,P2_CORE_REVIEW_READY,A-tier low-risk non-support variant; still requires native review.,PENDING_NATIVE_REVIEW,UNASSIGNED,NEEDS_REVIEW,FALSE,FALSE
BFL-CAND-0083-V02,BFL-CAND-0083,may l mrajir,may l mrajir,مياه صرف صحي,WATER,SEWAGE_OVERFLOW,noun_infra,A,A_TIER_READY_FOR_NATIVE_REVIEW,P2_CORE_REVIEW_READY,A-tier low-risk non-support variant; still requires native review.,PENDING_NATIVE_REVIEW,UNASSIGNED,NEEDS_REVIEW,FALSE,FALSE
BFL-CAND-0083-V03,BFL-CAND-0083,may l majari,may l majari,مياه صرف صحي,WATER,SEWAGE_OVERFLOW,noun_infra,A,A_TIER_READY_FOR_NATIVE_REVIEW,P2_CORE_REVIEW_READY,A-tier low-risk non-support variant; still requires native review.,PENDING_NATIVE_REVIEW,UNASSIGNED,NEEDS_REVIEW,FALSE,FALSE
BFL-CAND-0083-V04,BFL-CAND-0083,may l sarif l sa77i,may l sarif l sa77i,مياه صرف صحي,WATER,SEWAGE_OVERFLOW,noun_infra,A,A_TIER_READY_FOR_NATIVE_REVIEW,P2_CORE_REVIEW_READY,A-tier low-risk non-support variant; still requires native review.,PENDING_NATIVE_REVIEW,UNASSIGNED,NEEDS_REVIEW,FALSE,FALSE
BFL-CAND-0084-V01,BFL-CAND-0084,may mla2wate men l asas,may mla2wate men l asas,تلوث مصدر المياه,WATER,DIRTY_WATER,noun_infra,A,A_TIER_READY_FOR_NATIVE_REVIEW,P2_CORE_REVIEW_READY,A-tier low-risk non-support variant; still requires native review.,PENDING_NATIVE_REVIEW,UNASSIGNED,NEEDS_REVIEW,FALSE,FALSE
BFL-CAND-0085-V01,BFL-CAND-0085,2ata2 l may,2ata2 l may,انقطاع المياه,WATER,WATER_CUT,noun_infra,A,A_TIER_READY_FOR_NATIVE_REVIEW,P2_CORE_REVIEW_READY,A-tier low-risk non-support variant; still requires native review.,PENDING_NATIVE_REVIEW,UNASSIGNED,NEEDS_REVIEW,FALSE,FALSE
BFL-CAND-0085-V02,BFL-CAND-0085,2at3 may,2at3 may,انقطاع المياه,WATER,WATER_CUT,noun_infra,A,A_TIER_READY_FOR_NATIVE_REVIEW,P2_CORE_REVIEW_READY,A-tier low-risk non-support variant; still requires native review.,PENDING_NATIVE_REVIEW,UNASSIGNED,NEEDS_REVIEW,FALSE,FALSE
BFL-CAND-0085-V03,BFL-CAND-0085,inkata3 l may,inkata3 l may,انقطاع المياه,WATER,WATER_CUT,noun_infra,A,A_TIER_READY_FOR_NATIVE_REVIEW,P2_CORE_REVIEW_READY,A-tier low-risk non-support variant; still requires native review.,PENDING_NATIVE_REVIEW,UNASSIGNED,NEEDS_REVIEW,FALSE,FALSE
BFL-CAND-0085-V04,BFL-CAND-0085,ma fi may,ma fi may,انقطاع المياه,WATER,WATER_CUT,noun_infra,A,A_TIER_READY_FOR_NATIVE_REVIEW,P2_CORE_REVIEW_READY,A-tier low-risk non-support variant; still requires native review.,PENDING_NATIVE_REVIEW,UNASSIGNED,NEEDS_REVIEW,FALSE,FALSE
BFL-CAND-0085-V05,BFL-CAND-0085,may ma rja3et,may ma rja3et,انقطاع المياه,WATER,WATER_CUT,noun_infra,A,A_TIER_READY_FOR_NATIVE_REVIEW,P2_CORE_REVIEW_READY,A-tier low-risk non-support variant; still requires native review.,PENDING_NATIVE_REVIEW,UNASSIGNED,NEEDS_REVIEW,FALSE,FALSE
BFL-CAND-0085-V06,BFL-CAND-0085,may 2at3a,may 2at3a,انقطاع المياه,WATER,WATER_CUT,noun_infra,A,A_TIER_READY_FOR_NATIVE_REVIEW,P2_CORE_REVIEW_READY,A-tier low-risk non-support variant; still requires native review.,PENDING_NATIVE_REVIEW,UNASSIGNED,NEEDS_REVIEW,FALSE,FALSE
BFL-CAND-0086-V01,BFL-CAND-0086,sarif sa77i,sarif sa77i,صرف صحي,WATER,SEWAGE_OVERFLOW,noun_infra,A,A_TIER_READY_FOR_NATIVE_REVIEW,P2_CORE_REVIEW_READY,A-tier low-risk non-support variant; still requires native review.,PENDING_NATIVE_REVIEW,UNASSIGNED,NEEDS_REVIEW,FALSE,FALSE
BFL-CAND-0086-V02,BFL-CAND-0086,sarf sa77i,sarf sa77i,صرف صحي,WATER,SEWAGE_OVERFLOW,noun_infra,A,A_TIER_READY_FOR_NATIVE_REVIEW,P2_CORE_REVIEW_READY,A-tier low-risk non-support variant; still requires native review.,PENDING_NATIVE_REVIEW,UNASSIGNED,NEEDS_REVIEW,FALSE,FALSE
BFL-CAND-0087-V01,BFL-CAND-0087,ri7et sarif,ri7et sarif,رائحة صرف,WATER,SEWAGE_OVERFLOW,noun_infra,A,A_TIER_READY_FOR_NATIVE_REVIEW,P2_CORE_REVIEW_READY,A-tier low-risk non-support variant; still requires native review.,PENDING_NATIVE_REVIEW,UNASSIGNED,NEEDS_REVIEW,FALSE,FALSE
BFL-CAND-0087-V03,BFL-CAND-0087,ri7et l sarif,ri7et l sarif,رائحة صرف,WATER,SEWAGE_OVERFLOW,noun_infra,A,A_TIER_READY_FOR_NATIVE_REVIEW,P2_CORE_REVIEW_READY,A-tier low-risk non-support variant; still requires native review.,PENDING_NATIVE_REVIEW,UNASSIGNED,NEEDS_REVIEW,FALSE,FALSE
BFL-CAND-0088-V01,BFL-CAND-0088,balioa,balioa,بالوعة,WATER,SEWAGE_OVERFLOW,noun_infra,A,A_TIER_READY_FOR_NATIVE_REVIEW,P2_CORE_REVIEW_READY,A-tier low-risk non-support variant; still requires native review.,PENDING_NATIVE_REVIEW,UNASSIGNED,NEEDS_REVIEW,FALSE,FALSE
BFL-CAND-0090-V05,BFL-CAND-0090,2at3a,2at3a,انقطع,WATER,WATER_CUT,verb,A,A_TIER_READY_FOR_NATIVE_REVIEW,P2_CORE_REVIEW_READY,A-tier low-risk non-support variant; still requires native review.,PENDING_NATIVE_REVIEW,UNASSIGNED,NEEDS_REVIEW,FALSE,FALSE
BFL-CAND-0091-V02,BFL-CAND-0091,rja3,rja3,رجعت,WATER,WATER_CUT,verb,A,A_TIER_READY_FOR_NATIVE_REVIEW,P2_CORE_REVIEW_READY,A-tier low-risk non-support variant; still requires native review.,PENDING_NATIVE_REVIEW,UNASSIGNED,NEEDS_REVIEW,FALSE,FALSE
BFL-CAND-0091-V06,BFL-CAND-0091,rja3et l 7amdillah,rja3et l 7amdillah,رجعت,WATER,WATER_CUT,verb,A,A_TIER_READY_FOR_NATIVE_REVIEW,P2_CORE_REVIEW_READY,A-tier low-risk non-support variant; still requires native review.,PENDING_NATIVE_REVIEW,UNASSIGNED,NEEDS_REVIEW,FALSE,FALSE
BFL-CAND-0092-V01,BFL-CAND-0092,3am yesarrab,3am yesarrab,يتسرب,WATER,PIPE_LEAK,verb,A,A_TIER_READY_FOR_NATIVE_REVIEW,P2_CORE_REVIEW_READY,A-tier low-risk non-support variant; still requires native review.,PENDING_NATIVE_REVIEW,UNASSIGNED,NEEDS_REVIEW,FALSE,FALSE
BFL-CAND-0092-V02,BFL-CAND-0092,3am yitsarrab,3am yitsarrab,يتسرب,WATER,PIPE_LEAK,verb,A,A_TIER_READY_FOR_NATIVE_REVIEW,P2_CORE_REVIEW_READY,A-tier low-risk non-support variant; still requires native review.,PENDING_NATIVE_REVIEW,UNASSIGNED,NEEDS_REVIEW,FALSE,FALSE
BFL-CAND-0094-V01,BFL-CAND-0094,yi2ta3 l may,yi2ta3 l may,يقطع المياه,WATER,WATER_CUT,verb,A,A_TIER_READY_FOR_NATIVE_REVIEW,P2_CORE_REVIEW_READY,A-tier low-risk non-support variant; still requires native review.,PENDING_NATIVE_REVIEW,UNASSIGNED,NEEDS_REVIEW,FALSE,FALSE
BFL-CAND-0094-V02,BFL-CAND-0094,yi2te3,yi2te3,يقطع المياه,WATER,WATER_CUT,verb,A,A_TIER_READY_FOR_NATIVE_REVIEW,P2_CORE_REVIEW_READY,A-tier low-risk non-support variant; still requires native review.,PENDING_NATIVE_REVIEW,UNASSIGNED,NEEDS_REVIEW,FALSE,FALSE
BFL-CAND-0094-V04,BFL-CAND-0094,yi2ta3 3an l 7ayye,yi2ta3 3an l 7ayye,يقطع المياه,WATER,WATER_CUT,verb,A,A_TIER_READY_FOR_NATIVE_REVIEW,P2_CORE_REVIEW_READY,A-tier low-risk non-support variant; still requires native review.,PENDING_NATIVE_REVIEW,UNASSIGNED,NEEDS_REVIEW,FALSE,FALSE
BFL-CAND-0095-V01,BFL-CAND-0095,ylayyit,ylayyit,يلوث,WATER,DIRTY_WATER,verb,A,A_TIER_READY_FOR_NATIVE_REVIEW,P2_CORE_REVIEW_READY,A-tier low-risk non-support variant; still requires native review.,PENDING_NATIVE_REVIEW,UNASSIGNED,NEEDS_REVIEW,FALSE,FALSE
BFL-CAND-0095-V02,BFL-CAND-0095,ylayyot,ylayyot,يلوث,WATER,DIRTY_WATER,verb,A,A_TIER_READY_FOR_NATIVE_REVIEW,P2_CORE_REVIEW_READY,A-tier low-risk non-support variant; still requires native review.,PENDING_NATIVE_REVIEW,UNASSIGNED,NEEDS_REVIEW,FALSE,FALSE
BFL-CAND-0095-V03,BFL-CAND-0095,3am ylayyit,3am ylayyit,يلوث,WATER,DIRTY_WATER,verb,A,A_TIER_READY_FOR_NATIVE_REVIEW,P2_CORE_REVIEW_READY,A-tier low-risk non-support variant; still requires native review.,PENDING_NATIVE_REVIEW,UNASSIGNED,NEEDS_REVIEW,FALSE,FALSE
BFL-CAND-0095-V05,BFL-CAND-0095,3am ylayyotu,3am ylayyotu,يلوث,WATER,DIRTY_WATER,verb,A,A_TIER_READY_FOR_NATIVE_REVIEW,P2_CORE_REVIEW_READY,A-tier low-risk non-support variant; still requires native review.,PENDING_NATIVE_REVIEW,UNASSIGNED,NEEDS_REVIEW,FALSE,FALSE
BFL-CAND-0131-V01,BFL-CAND-0131,kuumet zbele,kuumet zbele,كومة نفايات,WASTE,ILLEGAL_DUMP,noun_infra,A,A_TIER_READY_FOR_NATIVE_REVIEW,P2_CORE_REVIEW_READY,A-tier low-risk non-support variant; still requires native review.,PENDING_NATIVE_REVIEW,UNASSIGNED,NEEDS_REVIEW,FALSE,FALSE
BFL-CAND-0131-V02,BFL-CAND-0131,kuumet nfayat,kuumet nfayat,كومة نفايات,WASTE,ILLEGAL_DUMP,noun_infra,A,A_TIER_READY_FOR_NATIVE_REVIEW,P2_CORE_REVIEW_READY,A-tier low-risk non-support variant; still requires native review.,PENDING_NATIVE_REVIEW,UNASSIGNED,NEEDS_REVIEW,FALSE,FALSE
BFL-CAND-0132-V01,BFL-CAND-0132,masabb,masabb,مكب نفايات,WASTE,ILLEGAL_DUMP,noun_infra,A,A_TIER_READY_FOR_NATIVE_REVIEW,P2_CORE_REVIEW_READY,A-tier low-risk non-support variant; still requires native review.,PENDING_NATIVE_REVIEW,UNASSIGNED,NEEDS_REVIEW,FALSE,FALSE
BFL-CAND-0132-V03,BFL-CAND-0132,masab nfayat,masab nfayat,مكب نفايات,WASTE,ILLEGAL_DUMP,noun_infra,A,A_TIER_READY_FOR_NATIVE_REVIEW,P2_CORE_REVIEW_READY,A-tier low-risk non-support variant; still requires native review.,PENDING_NATIVE_REVIEW,UNASSIGNED,NEEDS_REVIEW,FALSE,FALSE
BFL-CAND-0133-V01,BFL-CAND-0133,nkesh,nkesh,إنكاش / حطام,WASTE,ILLEGAL_DUMP,noun_infra,A,A_TIER_READY_FOR_NATIVE_REVIEW,P2_CORE_REVIEW_READY,A-tier low-risk non-support variant; still requires native review.,PENDING_NATIVE_REVIEW,UNASSIGNED,NEEDS_REVIEW,FALSE,FALSE
BFL-CAND-0133-V02,BFL-CAND-0133,inkesh,inkesh,إنكاش / حطام,WASTE,ILLEGAL_DUMP,noun_infra,A,A_TIER_READY_FOR_NATIVE_REVIEW,P2_CORE_REVIEW_READY,A-tier low-risk non-support variant; still requires native review.,PENDING_NATIVE_REVIEW,UNASSIGNED,NEEDS_REVIEW,FALSE,FALSE
BFL-CAND-0133-V04,BFL-CAND-0133,nkesh bine,nkesh bine,إنكاش / حطام,WASTE,ILLEGAL_DUMP,noun_infra,A,A_TIER_READY_FOR_NATIVE_REVIEW,P2_CORE_REVIEW_READY,A-tier low-risk non-support variant; still requires native review.,PENDING_NATIVE_REVIEW,UNASSIGNED,NEEDS_REVIEW,FALSE,FALSE
BFL-CAND-0134-V01,BFL-CAND-0134,radm,radm,ردم / تراب,WASTE,ILLEGAL_DUMP,noun_infra,A,A_TIER_READY_FOR_NATIVE_REVIEW,P2_CORE_REVIEW_READY,A-tier low-risk non-support variant; still requires native review.,PENDING_NATIVE_REVIEW,UNASSIGNED,NEEDS_REVIEW,FALSE,FALSE
BFL-CAND-0134-V02,BFL-CAND-0134,l radm,l radm,ردم / تراب,WASTE,ILLEGAL_DUMP,noun_infra,A,A_TIER_READY_FOR_NATIVE_REVIEW,P2_CORE_REVIEW_READY,A-tier low-risk non-support variant; still requires native review.,PENDING_NATIVE_REVIEW,UNASSIGNED,NEEDS_REVIEW,FALSE,FALSE
BFL-CAND-0134-V03,BFL-CAND-0134,radm w nkesh,radm w nkesh,ردم / تراب,WASTE,ILLEGAL_DUMP,noun_infra,A,A_TIER_READY_FOR_NATIVE_REVIEW,P2_CORE_REVIEW_READY,A-tier low-risk non-support variant; still requires native review.,PENDING_NATIVE_REVIEW,UNASSIGNED,NEEDS_REVIEW,FALSE,FALSE
BFL-CAND-0134-V04,BFL-CAND-0134,trab,trab,ردم / تراب,WASTE,ILLEGAL_DUMP,noun_infra,A,A_TIER_READY_FOR_NATIVE_REVIEW,P2_CORE_REVIEW_READY,A-tier low-risk non-support variant; still requires native review.,PENDING_NATIVE_REVIEW,UNASSIGNED,NEEDS_REVIEW,FALSE,FALSE
BFL-CAND-0134-V05,BFL-CAND-0134,trab w nkesh,trab w nkesh,ردم / تراب,WASTE,ILLEGAL_DUMP,noun_infra,A,A_TIER_READY_FOR_NATIVE_REVIEW,P2_CORE_REVIEW_READY,A-tier low-risk non-support variant; still requires native review.,PENDING_NATIVE_REVIEW,UNASSIGNED,NEEDS_REVIEW,FALSE,FALSE
BFL-CAND-0135-V01,BFL-CAND-0135,asas 2adim,asas 2adim,أثاث قديم,WASTE,ILLEGAL_DUMP,noun_infra,A,A_TIER_READY_FOR_NATIVE_REVIEW,P2_CORE_REVIEW_READY,A-tier low-risk non-support variant; still requires native review.,PENDING_NATIVE_REVIEW,UNASSIGNED,NEEDS_REVIEW,FALSE,FALSE
BFL-CAND-0135-V02,BFL-CAND-0135,asas marmiye,asas marmiye,أثاث قديم,WASTE,ILLEGAL_DUMP,noun_infra,A,A_TIER_READY_FOR_NATIVE_REVIEW,P2_CORE_REVIEW_READY,A-tier low-risk non-support variant; still requires native review.,PENDING_NATIVE_REVIEW,UNASSIGNED,NEEDS_REVIEW,FALSE,FALSE
BFL-CAND-0135-V03,BFL-CAND-0135,asas msoubet,asas msoubet,أثاث قديم,WASTE,ILLEGAL_DUMP,noun_infra,A,A_TIER_READY_FOR_NATIVE_REVIEW,P2_CORE_REVIEW_READY,A-tier low-risk non-support variant; still requires native review.,PENDING_NATIVE_REVIEW,UNASSIGNED,NEEDS_REVIEW,FALSE,FALSE
BFL-CAND-0135-V06,BFL-CAND-0135,l asas,l asas,أثاث قديم,WASTE,ILLEGAL_DUMP,noun_infra,A,A_TIER_READY_FOR_NATIVE_REVIEW,P2_CORE_REVIEW_READY,A-tier low-risk non-support variant; still requires native review.,PENDING_NATIVE_REVIEW,UNASSIGNED,NEEDS_REVIEW,FALSE,FALSE
BFL-CAND-0136-V01,BFL-CAND-0136,dwalib marmiye,dwalib marmiye,إطارات سيارات,WASTE,ILLEGAL_DUMP,noun_infra,A,A_TIER_READY_FOR_NATIVE_REVIEW,P2_CORE_REVIEW_READY,A-tier low-risk non-support variant; still requires native review.,PENDING_NATIVE_REVIEW,UNASSIGNED,NEEDS_REVIEW,FALSE,FALSE
BFL-CAND-0136-V02,BFL-CAND-0136,dalab zbele,dalab zbele,إطارات سيارات,WASTE,ILLEGAL_DUMP,noun_infra,A,A_TIER_READY_FOR_NATIVE_REVIEW,P2_CORE_REVIEW_READY,A-tier low-risk non-support variant; still requires native review.,PENDING_NATIVE_REVIEW,UNASSIGNED,NEEDS_REVIEW,FALSE,FALSE
BFL-CAND-0136-V04,BFL-CAND-0136,dwalib 2adme,dwalib 2adme,إطارات سيارات,WASTE,ILLEGAL_DUMP,noun_infra,A,A_TIER_READY_FOR_NATIVE_REVIEW,P2_CORE_REVIEW_READY,A-tier low-risk non-support variant; still requires native review.,PENDING_NATIVE_REVIEW,UNASSIGNED,NEEDS_REVIEW,FALSE,FALSE
BFL-CAND-0139-V01,BFL-CAND-0139,nfayat tibbiye,nfayat tibbiye,نفايات طبية,WASTE,ILLEGAL_DUMP,noun_infra,A,A_TIER_READY_FOR_NATIVE_REVIEW,P2_CORE_REVIEW_READY,A-tier low-risk non-support variant; still requires native review.,PENDING_NATIVE_REVIEW,UNASSIGNED,NEEDS_REVIEW,FALSE,FALSE
BFL-CAND-0139-V03,BFL-CAND-0139,nfayat 5atere,nfayat 5atere,نفايات طبية,WASTE,ILLEGAL_DUMP,noun_infra,A,A_TIER_READY_FOR_NATIVE_REVIEW,P2_CORE_REVIEW_READY,A-tier low-risk non-support variant; still requires native review.,PENDING_NATIVE_REVIEW,UNASSIGNED,NEEDS_REVIEW,FALSE,FALSE
BFL-CAND-0139-V05,BFL-CAND-0139,zbele tibbi,zbele tibbi,نفايات طبية,WASTE,ILLEGAL_DUMP,noun_infra,A,A_TIER_READY_FOR_NATIVE_REVIEW,P2_CORE_REVIEW_READY,A-tier low-risk non-support variant; still requires native review.,PENDING_NATIVE_REVIEW,UNASSIGNED,NEEDS_REVIEW,FALSE,FALSE
BFL-CAND-0140-V01,BFL-CAND-0140,nfayat sina3iye,nfayat sina3iye,نفايات صناعية,WASTE,ILLEGAL_DUMP,noun_infra,A,A_TIER_READY_FOR_NATIVE_REVIEW,P2_CORE_REVIEW_READY,A-tier low-risk non-support variant; still requires native review.,PENDING_NATIVE_REVIEW,UNASSIGNED,NEEDS_REVIEW,FALSE,FALSE
BFL-CAND-0140-V02,BFL-CAND-0140,zbele masna3,zbele masna3,نفايات صناعية,WASTE,ILLEGAL_DUMP,noun_infra,A,A_TIER_READY_FOR_NATIVE_REVIEW,P2_CORE_REVIEW_READY,A-tier low-risk non-support variant; still requires native review.,PENDING_NATIVE_REVIEW,UNASSIGNED,NEEDS_REVIEW,FALSE,FALSE
BFL-CAND-0140-V04,BFL-CAND-0140,mawad sam,mawad sam,نفايات صناعية,WASTE,ILLEGAL_DUMP,noun_infra,A,A_TIER_READY_FOR_NATIVE_REVIEW,P2_CORE_REVIEW_READY,A-tier low-risk non-support variant; still requires native review.,PENDING_NATIVE_REVIEW,UNASSIGNED,NEEDS_REVIEW,FALSE,FALSE
BFL-CAND-0140-V05,BFL-CAND-0140,nfayat masna3,nfayat masna3,نفايات صناعية,WASTE,ILLEGAL_DUMP,noun_infra,A,A_TIER_READY_FOR_NATIVE_REVIEW,P2_CORE_REVIEW_READY,A-tier low-risk non-support variant; still requires native review.,PENDING_NATIVE_REVIEW,UNASSIGNED,NEEDS_REVIEW,FALSE,FALSE
BFL-CAND-0141-V02,BFL-CAND-0141,kimyawi,kimyawi,مواد كيميائية,WASTE,ILLEGAL_DUMP,noun_infra,A,A_TIER_READY_FOR_NATIVE_REVIEW,P2_CORE_REVIEW_READY,A-tier low-risk non-support variant; still requires native review.,PENDING_NATIVE_REVIEW,UNASSIGNED,NEEDS_REVIEW,FALSE,FALSE
BFL-CAND-0141-V03,BFL-CAND-0141,mawad 5atere,mawad 5atere,مواد كيميائية,WASTE,ILLEGAL_DUMP,noun_infra,A,A_TIER_READY_FOR_NATIVE_REVIEW,P2_CORE_REVIEW_READY,A-tier low-risk non-support variant; still requires native review.,PENDING_NATIVE_REVIEW,UNASSIGNED,NEEDS_REVIEW,FALSE,FALSE
BFL-CAND-0142-V02,BFL-CAND-0142,ri7et fasad,ri7et fasad,رائحة تعفن,WASTE,OVERFLOWING_BIN,noun_infra,A,A_TIER_READY_FOR_NATIVE_REVIEW,P2_CORE_REVIEW_READY,A-tier low-risk non-support variant; still requires native review.,PENDING_NATIVE_REVIEW,UNASSIGNED,NEEDS_REVIEW,FALSE,FALSE
BFL-CAND-0142-V03,BFL-CAND-0142,ri7et fased,ri7et fased,رائحة تعفن,WASTE,OVERFLOWING_BIN,noun_infra,A,A_TIER_READY_FOR_NATIVE_REVIEW,P2_CORE_REVIEW_READY,A-tier low-risk non-support variant; still requires native review.,PENDING_NATIVE_REVIEW,UNASSIGNED,NEEDS_REVIEW,FALSE,FALSE
BFL-CAND-0143-V01,BFL-CAND-0143,7ar2 zbele,7ar2 zbele,حرق نفايات,WASTE,BURNING_WASTE,noun_infra,A,A_TIER_READY_FOR_NATIVE_REVIEW,P2_CORE_REVIEW_READY,A-tier low-risk non-support variant; still requires native review.,PENDING_NATIVE_REVIEW,UNASSIGNED,NEEDS_REVIEW,FALSE,FALSE
BFL-CAND-0143-V02,BFL-CAND-0143,7ar2 nfayat,7ar2 nfayat,حرق نفايات,WASTE,BURNING_WASTE,noun_infra,A,A_TIER_READY_FOR_NATIVE_REVIEW,P2_CORE_REVIEW_READY,A-tier low-risk non-support variant; still requires native review.,PENDING_NATIVE_REVIEW,UNASSIGNED,NEEDS_REVIEW,FALSE,FALSE
BFL-CAND-0143-V03,BFL-CAND-0143,3am yi7arkou zbele,3am yi7arkou zbele,حرق نفايات,WASTE,BURNING_WASTE,noun_infra,A,A_TIER_READY_FOR_NATIVE_REVIEW,P2_CORE_REVIEW_READY,A-tier low-risk non-support variant; still requires native review.,PENDING_NATIVE_REVIEW,UNASSIGNED,NEEDS_REVIEW,FALSE,FALSE
BFL-CAND-0143-V04,BFL-CAND-0143,7ariki zbele,7ariki zbele,حرق نفايات,WASTE,BURNING_WASTE,noun_infra,A,A_TIER_READY_FOR_NATIVE_REVIEW,P2_CORE_REVIEW_READY,A-tier low-risk non-support variant; still requires native review.,PENDING_NATIVE_REVIEW,UNASSIGNED,NEEDS_REVIEW,FALSE,FALSE
BFL-CAND-0143-V05,BFL-CAND-0143,ri7et 7ar2 zbele,ri7et 7ar2 zbele,حرق نفايات,WASTE,BURNING_WASTE,noun_infra,A,A_TIER_READY_FOR_NATIVE_REVIEW,P2_CORE_REVIEW_READY,A-tier low-risk non-support variant; still requires native review.,PENDING_NATIVE_REVIEW,UNASSIGNED,NEEDS_REVIEW,FALSE,FALSE
BFL-CAND-0144-V01,BFL-CAND-0144,dukhan,dukhan,دخان,WASTE,BURNING_WASTE,noun_infra,A,A_TIER_READY_FOR_NATIVE_REVIEW,P2_CORE_REVIEW_READY,A-tier low-risk non-support variant; still requires native review.,PENDING_NATIVE_REVIEW,UNASSIGNED,NEEDS_REVIEW,FALSE,FALSE
BFL-CAND-0144-V03,BFL-CAND-0144,dukhaan,dukhaan,دخان,WASTE,BURNING_WASTE,noun_infra,A,A_TIER_READY_FOR_NATIVE_REVIEW,P2_CORE_REVIEW_READY,A-tier low-risk non-support variant; still requires native review.,PENDING_NATIVE_REVIEW,UNASSIGNED,NEEDS_REVIEW,FALSE,FALSE
BFL-CAND-0144-V05,BFL-CAND-0144,dukhan zbele,dukhan zbele,دخان,WASTE,BURNING_WASTE,noun_infra,A,A_TIER_READY_FOR_NATIVE_REVIEW,P2_CORE_REVIEW_READY,A-tier low-risk non-support variant; still requires native review.,PENDING_NATIVE_REVIEW,UNASSIGNED,NEEDS_REVIEW,FALSE,FALSE
BFL-CAND-0145-V01,BFL-CAND-0145,7asharat,7asharat,حشرات وقوارض,WASTE,OVERFLOWING_BIN,noun_infra,A,A_TIER_READY_FOR_NATIVE_REVIEW,P2_CORE_REVIEW_READY,A-tier low-risk non-support variant; still requires native review.,PENDING_NATIVE_REVIEW,UNASSIGNED,NEEDS_REVIEW,FALSE,FALSE
BFL-CAND-0145-V03,BFL-CAND-0145,7asharat w far,7asharat w far,حشرات وقوارض,WASTE,OVERFLOWING_BIN,noun_infra,A,A_TIER_READY_FOR_NATIVE_REVIEW,P2_CORE_REVIEW_READY,A-tier low-risk non-support variant; still requires native review.,PENDING_NATIVE_REVIEW,UNASSIGNED,NEEDS_REVIEW,FALSE,FALSE
BFL-CAND-0145-V06,BFL-CAND-0145,far w 7asharat,far w 7asharat,حشرات وقوارض,WASTE,OVERFLOWING_BIN,noun_infra,A,A_TIER_READY_FOR_NATIVE_REVIEW,P2_CORE_REVIEW_READY,A-tier low-risk non-support variant; still requires native review.,PENDING_NATIVE_REVIEW,UNASSIGNED,NEEDS_REVIEW,FALSE,FALSE
BFL-CAND-0146-V01,BFL-CAND-0146,akyas mfatta7a,akyas mfatta7a,أكياس ممزقة,WASTE,GARBAGE_NOT_COLLECTED,noun_infra,A,A_TIER_READY_FOR_NATIVE_REVIEW,P2_CORE_REVIEW_READY,A-tier low-risk non-support variant; still requires native review.,PENDING_NATIVE_REVIEW,UNASSIGNED,NEEDS_REVIEW,FALSE,FALSE
BFL-CAND-0146-V02,BFL-CAND-0146,akyas mmazza2a,akyas mmazza2a,أكياس ممزقة,WASTE,GARBAGE_NOT_COLLECTED,noun_infra,A,A_TIER_READY_FOR_NATIVE_REVIEW,P2_CORE_REVIEW_READY,A-tier low-risk non-support variant; still requires native review.,PENDING_NATIVE_REVIEW,UNASSIGNED,NEEDS_REVIEW,FALSE,FALSE
BFL-CAND-0146-V03,BFL-CAND-0146,kis zbele ftah,kis zbele ftah,أكياس ممزقة,WASTE,GARBAGE_NOT_COLLECTED,noun_infra,A,A_TIER_READY_FOR_NATIVE_REVIEW,P2_CORE_REVIEW_READY,A-tier low-risk non-support variant; still requires native review.,PENDING_NATIVE_REVIEW,UNASSIGNED,NEEDS_REVIEW,FALSE,FALSE
BFL-CAND-0147-V02,BFL-CAND-0147,ri7a 7arke,ri7a 7arke,رائحة حارقة,WASTE,BURNING_WASTE,noun_infra,A,A_TIER_READY_FOR_NATIVE_REVIEW,P2_CORE_REVIEW_READY,A-tier low-risk non-support variant; still requires native review.,PENDING_NATIVE_REVIEW,UNASSIGNED,NEEDS_REVIEW,FALSE,FALSE
BFL-CAND-0147-V03,BFL-CAND-0147,ri7et 7ariki,ri7et 7ariki,رائحة حارقة,WASTE,BURNING_WASTE,noun_infra,A,A_TIER_READY_FOR_NATIVE_REVIEW,P2_CORE_REVIEW_READY,A-tier low-risk non-support variant; still requires native review.,PENDING_NATIVE_REVIEW,UNASSIGNED,NEEDS_REVIEW,FALSE,FALSE
BFL-CAND-0147-V04,BFL-CAND-0147,ri7et dukhan,ri7et dukhan,رائحة حارقة,WASTE,BURNING_WASTE,noun_infra,A,A_TIER_READY_FOR_NATIVE_REVIEW,P2_CORE_REVIEW_READY,A-tier low-risk non-support variant; still requires native review.,PENDING_NATIVE_REVIEW,UNASSIGNED,NEEDS_REVIEW,FALSE,FALSE
BFL-CAND-0147-V05,BFL-CAND-0147,ri7a nnar,ri7a nnar,رائحة حارقة,WASTE,BURNING_WASTE,noun_infra,A,A_TIER_READY_FOR_NATIVE_REVIEW,P2_CORE_REVIEW_READY,A-tier low-risk non-support variant; still requires native review.,PENDING_NATIVE_REVIEW,UNASSIGNED,NEEDS_REVIEW,FALSE,FALSE
