﻿variant_id,candidate_id,variant,normalized_variant,sector,issue_type,category,trust_status,review_priority,reason,recommended_replacements,action
BFL-CAND-0001-V05,BFL-CAND-0001,7afrit,7afrit,ROADS,POTHOLE,noun_infra,AMBIGUITY_REVIEW_REQUIRED,P0_AMBIGUITY_REVIEW,Ambiguous variant (SAME_SECTOR_MULTI_ISSUE); block direct matching.,,DO_NOT_IMPORT_UNTIL_REWRITTEN_OR_REVIEWED
BFL-CAND-0001-V06,BFL-CAND-0001,hufra,hufra,ROADS,POTHOLE,noun_infra,QUARANTINED_REWRITE_REQUIRED,P0_REWRITE_OR_REJECT,REJECT_NOISY_WRONG_MARKER: keep 7ofra/7afra as core and hofra only as fallback.,7ofra|7afra|hofra,DO_NOT_IMPORT_UNTIL_REWRITTEN_OR_REVIEWED
BFL-CAND-0002-V05,BFL-CAND-0002,joret,joret,ROADS,POTHOLE,noun_infra,AMBIGUITY_REVIEW_REQUIRED,P0_AMBIGUITY_REVIEW,Ambiguous variant (BLOCKED_PENDING_REVIEW); block direct matching.,,DO_NOT_IMPORT_UNTIL_REWRITTEN_OR_REVIEWED
BFL-CAND-0002-V06,BFL-CAND-0002,jwara,jwara,ROADS,POTHOLE,noun_infra,AMBIGUITY_REVIEW_REQUIRED,P0_AMBIGUITY_REVIEW,Ambiguous variant (BLOCKED_PENDING_REVIEW); block direct matching.,,DO_NOT_IMPORT_UNTIL_REWRITTEN_OR_REVIEWED
BFL-CAND-0003-V04,BFL-CAND-0003,7ufar,7ufar,ROADS,POTHOLE,noun_infra,AMBIGUITY_REVIEW_REQUIRED,P0_AMBIGUITY_REVIEW,Ambiguous variant (BLOCKED_PENDING_REVIEW); block direct matching.,,DO_NOT_IMPORT_UNTIL_REWRITTEN_OR_REVIEWED
BFL-CAND-0009-V05,BFL-CAND-0009,rssif,rssif,ROADS,BROKEN_SIDEWALK,noun_infra,AMBIGUITY_REVIEW_REQUIRED,P0_AMBIGUITY_REVIEW,Ambiguous variant (BLOCKED_PENDING_REVIEW); block direct matching.,,DO_NOT_IMPORT_UNTIL_REWRITTEN_OR_REVIEWED
BFL-CAND-0009-V06,BFL-CAND-0009,rseef,rseef,ROADS,BROKEN_SIDEWALK,noun_infra,AMBIGUITY_REVIEW_REQUIRED,P0_AMBIGUITY_REVIEW,Ambiguous variant (BLOCKED_PENDING_REVIEW); block direct matching.,,DO_NOT_IMPORT_UNTIL_REWRITTEN_OR_REVIEWED
BFL-CAND-0010-V05,BFL-CAND-0010,burdure,burdure,ROADS,BROKEN_SIDEWALK,noun_infra,AMBIGUITY_REVIEW_REQUIRED,P0_AMBIGUITY_REVIEW,Ambiguous variant (BLOCKED_PENDING_REVIEW); block direct matching.,,DO_NOT_IMPORT_UNTIL_REWRITTEN_OR_REVIEWED
BFL-CAND-0011-V04,BFL-CAND-0011,balata,balata,ROADS,BROKEN_SIDEWALK,noun_infra,AMBIGUITY_REVIEW_REQUIRED,P0_AMBIGUITY_REVIEW,Ambiguous variant (BLOCKED_PENDING_REVIEW); block direct matching.,,DO_NOT_IMPORT_UNTIL_REWRITTEN_OR_REVIEWED
BFL-CAND-0011-V05,BFL-CAND-0011,blayt,blayt,ROADS,BROKEN_SIDEWALK,noun_infra,AMBIGUITY_REVIEW_REQUIRED,P0_AMBIGUITY_REVIEW,Ambiguous variant (BLOCKED_PENDING_REVIEW); block direct matching.,,DO_NOT_IMPORT_UNTIL_REWRITTEN_OR_REVIEWED
BFL-CAND-0011-V06,BFL-CAND-0011,balt,balt,ROADS,BROKEN_SIDEWALK,noun_infra,AMBIGUITY_REVIEW_REQUIRED,P0_AMBIGUITY_REVIEW,Ambiguous variant (BLOCKED_PENDING_REVIEW); block direct matching.,,DO_NOT_IMPORT_UNTIL_REWRITTEN_OR_REVIEWED
BFL-CAND-0012-V04,BFL-CAND-0012,ghato,ghato,ROADS,MISSING_MANHOLE,noun_infra,AMBIGUITY_REVIEW_REQUIRED,P0_AMBIGUITY_REVIEW,Ambiguous variant (BLOCKED_PENDING_REVIEW); block direct matching.,,DO_NOT_IMPORT_UNTIL_REWRITTEN_OR_REVIEWED
BFL-CAND-0013-V04,BFL-CAND-0013,biyara,biyara,ROADS,MISSING_MANHOLE,noun_infra,AMBIGUITY_REVIEW_REQUIRED,P0_AMBIGUITY_REVIEW,Ambiguous variant (CROSS_SECTOR_AMBIGUOUS); block direct matching.,,DO_NOT_IMPORT_UNTIL_REWRITTEN_OR_REVIEWED
BFL-CAND-0013-V05,BFL-CAND-0013,byar,byar,ROADS,MISSING_MANHOLE,noun_infra,AMBIGUITY_REVIEW_REQUIRED,P0_AMBIGUITY_REVIEW,Ambiguous variant (BLOCKED_PENDING_REVIEW); block direct matching.,,DO_NOT_IMPORT_UNTIL_REWRITTEN_OR_REVIEWED
BFL-CAND-0015-V03,BFL-CAND-0015,kasir sor3a,kasir sor3a,ROADS,ROAD_DAMAGE,noun_infra,AMBIGUITY_REVIEW_REQUIRED,P0_AMBIGUITY_REVIEW,Ambiguous variant (BLOCKED_PENDING_REVIEW); block direct matching.,,DO_NOT_IMPORT_UNTIL_REWRITTEN_OR_REVIEWED
BFL-CAND-0015-V04,BFL-CAND-0015,mukab3,mukab3,ROADS,ROAD_DAMAGE,noun_infra,AMBIGUITY_REVIEW_REQUIRED,P0_AMBIGUITY_REVIEW,Ambiguous variant (BLOCKED_PENDING_REVIEW); block direct matching.,,DO_NOT_IMPORT_UNTIL_REWRITTEN_OR_REVIEWED
BFL-CAND-0015-V05,BFL-CAND-0015,kashir sur3a,kashir sur3a,ROADS,ROAD_DAMAGE,noun_infra,AMBIGUITY_REVIEW_REQUIRED,P0_AMBIGUITY_REVIEW,Ambiguous variant (BLOCKED_PENDING_REVIEW); block direct matching.,,DO_NOT_IMPORT_UNTIL_REWRITTEN_OR_REVIEWED
BFL-CAND-0017-V05,BFL-CAND-0017,nfaq,nfaq,ROADS,ROAD_BLOCKED,noun_infra,AMBIGUITY_REVIEW_REQUIRED,P0_AMBIGUITY_REVIEW,Ambiguous variant (BLOCKED_PENDING_REVIEW); block direct matching.,,DO_NOT_IMPORT_UNTIL_REWRITTEN_OR_REVIEWED
BFL-CAND-0018-V04,BFL-CAND-0018,7ajez 7adid,7ajez 7adid,ROADS,ROAD_BLOCKED,noun_infra,AMBIGUITY_REVIEW_REQUIRED,P0_AMBIGUITY_REVIEW,Ambiguous variant (SAME_SECTOR_MULTI_ISSUE); block direct matching.,,DO_NOT_IMPORT_UNTIL_REWRITTEN_OR_REVIEWED
BFL-CAND-0023-V05,BFL-CAND-0023,ta7woleh,ta7woleh,ROADS,ROAD_BLOCKED,noun_infra,AMBIGUITY_REVIEW_REQUIRED,P0_AMBIGUITY_REVIEW,Ambiguous variant (BLOCKED_PENDING_REVIEW); block direct matching.,,DO_NOT_IMPORT_UNTIL_REWRITTEN_OR_REVIEWED
BFL-CAND-0023-V06,BFL-CAND-0023,via bedil,via bedil,ROADS,ROAD_BLOCKED,noun_infra,AMBIGUITY_REVIEW_REQUIRED,P0_AMBIGUITY_REVIEW,Ambiguous variant (BLOCKED_PENDING_REVIEW); block direct matching.,,DO_NOT_IMPORT_UNTIL_REWRITTEN_OR_REVIEWED
BFL-CAND-0024-V04,BFL-CAND-0024,za7ma,za7ma,ROADS,ROAD_BLOCKED,noun_infra,AMBIGUITY_REVIEW_REQUIRED,P0_AMBIGUITY_REVIEW,Ambiguous variant (BLOCKED_PENDING_REVIEW); block direct matching.,,DO_NOT_IMPORT_UNTIL_REWRITTEN_OR_REVIEWED
BFL-CAND-0026-V03,BFL-CAND-0026,7afrit,7afrit,ROADS,ROAD_BLOCKED,noun_infra,AMBIGUITY_REVIEW_REQUIRED,P0_AMBIGUITY_REVIEW,Ambiguous variant (SAME_SECTOR_MULTI_ISSUE); block direct matching.,,DO_NOT_IMPORT_UNTIL_REWRITTEN_OR_REVIEWED
BFL-CAND-0032-V06,BFL-CAND-0032,tasatte7,tasatte7,ROADS,ROAD_BLOCKED,noun_infra,AMBIGUITY_REVIEW_REQUIRED,P0_AMBIGUITY_REVIEW,Ambiguous variant (BLOCKED_PENDING_REVIEW); block direct matching.,,DO_NOT_IMPORT_UNTIL_REWRITTEN_OR_REVIEWED
BFL-CAND-0034-V04,BFL-CAND-0034,tshaqqa2,tshaqqa2,ROADS,ROAD_CRACK,noun_infra,AMBIGUITY_REVIEW_REQUIRED,P0_AMBIGUITY_REVIEW,Ambiguous variant (BLOCKED_PENDING_REVIEW); block direct matching.,,DO_NOT_IMPORT_UNTIL_REWRITTEN_OR_REVIEWED
BFL-CAND-0034-V05,BFL-CAND-0034,tashroomaat,tashroomaat,ROADS,ROAD_CRACK,noun_infra,AMBIGUITY_REVIEW_REQUIRED,P0_AMBIGUITY_REVIEW,Ambiguous variant (BLOCKED_PENDING_REVIEW); block direct matching.,,DO_NOT_IMPORT_UNTIL_REWRITTEN_OR_REVIEWED
BFL-CAND-0043-V01,BFL-CAND-0043,nkassar,nkassar,ROADS,ROAD_COLLAPSE,verb,AMBIGUITY_REVIEW_REQUIRED,P0_AMBIGUITY_REVIEW,Ambiguous variant (CROSS_SECTOR_AMBIGUOUS); block direct matching.,,DO_NOT_IMPORT_UNTIL_REWRITTEN_OR_REVIEWED
BFL-CAND-0043-V05,BFL-CAND-0043,2nhajar,2nhajar,ROADS,ROAD_COLLAPSE,verb,AMBIGUITY_REVIEW_REQUIRED,P0_AMBIGUITY_REVIEW,Ambiguous variant (BLOCKED_PENDING_REVIEW); block direct matching.,,DO_NOT_IMPORT_UNTIL_REWRITTEN_OR_REVIEWED
BFL-CAND-0043-V06,BFL-CAND-0043,ta7,ta7,ROADS,ROAD_COLLAPSE,verb,AMBIGUITY_REVIEW_REQUIRED,P0_AMBIGUITY_REVIEW,Ambiguous variant (SAME_SECTOR_MULTI_ISSUE); block direct matching.,,DO_NOT_IMPORT_UNTIL_REWRITTEN_OR_REVIEWED
BFL-CAND-0044-V03,BFL-CAND-0044,nshe2,nshe2,ROADS,ROAD_CRACK,verb,AMBIGUITY_REVIEW_REQUIRED,P0_AMBIGUITY_REVIEW,Ambiguous variant (BLOCKED_PENDING_REVIEW); block direct matching.,,DO_NOT_IMPORT_UNTIL_REWRITTEN_OR_REVIEWED
BFL-CAND-0044-V04,BFL-CAND-0044,tshe22,tshe22,ROADS,ROAD_CRACK,verb,AMBIGUITY_REVIEW_REQUIRED,P0_AMBIGUITY_REVIEW,Ambiguous variant (CATEGORY_AMBIGUOUS); block direct matching.,,DO_NOT_IMPORT_UNTIL_REWRITTEN_OR_REVIEWED
BFL-CAND-0044-V05,BFL-CAND-0044,metshe22a2,metshe22a2,ROADS,ROAD_CRACK,verb,AMBIGUITY_REVIEW_REQUIRED,P0_AMBIGUITY_REVIEW,Ambiguous variant (CATEGORY_AMBIGUOUS); block direct matching.,,DO_NOT_IMPORT_UNTIL_REWRITTEN_OR_REVIEWED
BFL-CAND-0044-V06,BFL-CAND-0044,sha22,sha22,ROADS,ROAD_CRACK,verb,AMBIGUITY_REVIEW_REQUIRED,P0_AMBIGUITY_REVIEW,Ambiguous variant (BLOCKED_PENDING_REVIEW); block direct matching.,,DO_NOT_IMPORT_UNTIL_REWRITTEN_OR_REVIEWED
BFL-CAND-0048-V04,BFL-CAND-0048,ta7,ta7,ROADS,ROAD_BLOCKED,verb,AMBIGUITY_REVIEW_REQUIRED,P0_AMBIGUITY_REVIEW,Ambiguous variant (SAME_SECTOR_MULTI_ISSUE); block direct matching.,,DO_NOT_IMPORT_UNTIL_REWRITTEN_OR_REVIEWED
BFL-CAND-0049-V01,BFL-CAND-0049,7afrou,7afrou,ROADS,ROAD_BLOCKED,verb,AMBIGUITY_REVIEW_REQUIRED,P0_AMBIGUITY_REVIEW,Ambiguous variant (CROSS_SECTOR_AMBIGUOUS); block direct matching.,,DO_NOT_IMPORT_UNTIL_REWRITTEN_OR_REVIEWED
BFL-CAND-0049-V06,BFL-CAND-0049,3am ti7fur,3am ti7fur,ROADS,ROAD_BLOCKED,verb,AMBIGUITY_REVIEW_REQUIRED,P0_AMBIGUITY_REVIEW,Ambiguous variant (CROSS_SECTOR_AMBIGUOUS); block direct matching.,,DO_NOT_IMPORT_UNTIL_REWRITTEN_OR_REVIEWED
BFL-CAND-0050-V05,BFL-CAND-0050,in7araf,in7araf,ROADS,POTHOLE,verb,AMBIGUITY_REVIEW_REQUIRED,P0_AMBIGUITY_REVIEW,Ambiguous variant (BLOCKED_PENDING_REVIEW); block direct matching.,,DO_NOT_IMPORT_UNTIL_REWRITTEN_OR_REVIEWED
BFL-CAND-0050-V06,BFL-CAND-0050,in7arafet,in7arafet,ROADS,POTHOLE,verb,AMBIGUITY_REVIEW_REQUIRED,P0_AMBIGUITY_REVIEW,Ambiguous variant (BLOCKED_PENDING_REVIEW); block direct matching.,,DO_NOT_IMPORT_UNTIL_REWRITTEN_OR_REVIEWED
BFL-CAND-0051-V05,BFL-CAND-0051,tkassaret,tkassaret,ROADS,ROAD_CRACK,verb,AMBIGUITY_REVIEW_REQUIRED,P0_AMBIGUITY_REVIEW,Ambiguous variant (BLOCKED_PENDING_REVIEW); block direct matching.,,DO_NOT_IMPORT_UNTIL_REWRITTEN_OR_REVIEWED
BFL-CAND-0052-V01,BFL-CAND-0052,masduud,masduud,ROADS,ROAD_BLOCKED,adjective,AMBIGUITY_REVIEW_REQUIRED,P0_AMBIGUITY_REVIEW,Ambiguous variant (CROSS_SECTOR_AMBIGUOUS); block direct matching.,,DO_NOT_IMPORT_UNTIL_REWRITTEN_OR_REVIEWED
BFL-CAND-0052-V03,BFL-CAND-0052,msakkar,msakkar,ROADS,ROAD_BLOCKED,adjective,AMBIGUITY_REVIEW_REQUIRED,P0_AMBIGUITY_REVIEW,Ambiguous variant (CROSS_SECTOR_AMBIGUOUS); block direct matching.,,DO_NOT_IMPORT_UNTIL_REWRITTEN_OR_REVIEWED
BFL-CAND-0052-V04,BFL-CAND-0052,maftoum,maftoum,ROADS,ROAD_BLOCKED,adjective,AMBIGUITY_REVIEW_REQUIRED,P0_AMBIGUITY_REVIEW,Ambiguous variant (CROSS_SECTOR_AMBIGUOUS); block direct matching.,,DO_NOT_IMPORT_UNTIL_REWRITTEN_OR_REVIEWED
BFL-CAND-0052-V05,BFL-CAND-0052,msadd,msadd,ROADS,ROAD_BLOCKED,adjective,AMBIGUITY_REVIEW_REQUIRED,P0_AMBIGUITY_REVIEW,Ambiguous variant (CROSS_SECTOR_AMBIGUOUS); block direct matching.,,DO_NOT_IMPORT_UNTIL_REWRITTEN_OR_REVIEWED
BFL-CAND-0052-V06,BFL-CAND-0052,m2affel,m2affel,ROADS,ROAD_BLOCKED,adjective,AMBIGUITY_REVIEW_REQUIRED,P0_AMBIGUITY_REVIEW,Ambiguous variant (BLOCKED_PENDING_REVIEW); block direct matching.,,DO_NOT_IMPORT_UNTIL_REWRITTEN_OR_REVIEWED
BFL-CAND-0053-V01,BFL-CAND-0053,metshe22a2,metshe22a2,ROADS,ROAD_CRACK,adjective,AMBIGUITY_REVIEW_REQUIRED,P0_AMBIGUITY_REVIEW,Ambiguous variant (CATEGORY_AMBIGUOUS); block direct matching.,,DO_NOT_IMPORT_UNTIL_REWRITTEN_OR_REVIEWED
BFL-CAND-0053-V03,BFL-CAND-0053,mesho22,mesho22,ROADS,ROAD_CRACK,adjective,AMBIGUITY_REVIEW_REQUIRED,P0_AMBIGUITY_REVIEW,Ambiguous variant (BLOCKED_PENDING_REVIEW); block direct matching.,,DO_NOT_IMPORT_UNTIL_REWRITTEN_OR_REVIEWED
BFL-CAND-0053-V04,BFL-CAND-0053,tshe22,tshe22,ROADS,ROAD_CRACK,adjective,AMBIGUITY_REVIEW_REQUIRED,P0_AMBIGUITY_REVIEW,Ambiguous variant (CATEGORY_AMBIGUOUS); block direct matching.,,DO_NOT_IMPORT_UNTIL_REWRITTEN_OR_REVIEWED
BFL-CAND-0053-V05,BFL-CAND-0053,nkassar,nkassar,ROADS,ROAD_CRACK,adjective,AMBIGUITY_REVIEW_REQUIRED,P0_AMBIGUITY_REVIEW,Ambiguous variant (CROSS_SECTOR_AMBIGUOUS); block direct matching.,,DO_NOT_IMPORT_UNTIL_REWRITTEN_OR_REVIEWED
BFL-CAND-0053-V06,BFL-CAND-0053,m2asha3,m2asha3,ROADS,ROAD_CRACK,adjective,AMBIGUITY_REVIEW_REQUIRED,P0_AMBIGUITY_REVIEW,Ambiguous variant (BLOCKED_PENDING_REVIEW); block direct matching.,,DO_NOT_IMPORT_UNTIL_REWRITTEN_OR_REVIEWED
BFL-CAND-0054-V06,BFL-CAND-0054,me7loul,me7loul,ROADS,ROAD_DAMAGE,adjective,AMBIGUITY_REVIEW_REQUIRED,P0_AMBIGUITY_REVIEW,Ambiguous variant (BLOCKED_PENDING_REVIEW); block direct matching.,,DO_NOT_IMPORT_UNTIL_REWRITTEN_OR_REVIEWED
BFL-CAND-0057-V04,BFL-CAND-0057,nfokha,nfokha,ROADS,ROAD_DAMAGE,adjective,AMBIGUITY_REVIEW_REQUIRED,P0_AMBIGUITY_REVIEW,Ambiguous variant (BLOCKED_PENDING_REVIEW); block direct matching.,,DO_NOT_IMPORT_UNTIL_REWRITTEN_OR_REVIEWED
BFL-CAND-0057-V05,BFL-CAND-0057,7ader myen7am,7ader myen7am,ROADS,ROAD_DAMAGE,adjective,AMBIGUITY_REVIEW_REQUIRED,P0_AMBIGUITY_REVIEW,Ambiguous variant (BLOCKED_PENDING_REVIEW); block direct matching.,,DO_NOT_IMPORT_UNTIL_REWRITTEN_OR_REVIEWED
BFL-CAND-0060-V04,BFL-CAND-0060,inboob,inboob,WATER,PIPE_LEAK,noun_infra,AMBIGUITY_REVIEW_REQUIRED,P0_AMBIGUITY_REVIEW,Ambiguous variant (BLOCKED_PENDING_REVIEW); block direct matching.,,DO_NOT_IMPORT_UNTIL_REWRITTEN_OR_REVIEWED
BFL-CAND-0065-V01,BFL-CAND-0065,tanker,tanker,WATER,WATER_CUT,noun_infra,AMBIGUITY_REVIEW_REQUIRED,P0_AMBIGUITY_REVIEW,Ambiguous variant (SAME_SECTOR_MULTI_ISSUE); block direct matching.,,DO_NOT_IMPORT_UNTIL_REWRITTEN_OR_REVIEWED
BFL-CAND-0065-V02,BFL-CAND-0065,tankar,tankar,WATER,WATER_CUT,noun_infra,AMBIGUITY_REVIEW_REQUIRED,P0_AMBIGUITY_REVIEW,Ambiguous variant (SAME_SECTOR_MULTI_ISSUE); block direct matching.,,DO_NOT_IMPORT_UNTIL_REWRITTEN_OR_REVIEWED
BFL-CAND-0065-V03,BFL-CAND-0065,sa7riij,sa7riij,WATER,WATER_CUT,noun_infra,AMBIGUITY_REVIEW_REQUIRED,P0_AMBIGUITY_REVIEW,Ambiguous variant (SAME_SECTOR_MULTI_ISSUE); block direct matching.,,DO_NOT_IMPORT_UNTIL_REWRITTEN_OR_REVIEWED
BFL-CAND-0065-V05,BFL-CAND-0065,l tanker,l tanker,WATER,WATER_CUT,noun_infra,AMBIGUITY_REVIEW_REQUIRED,P0_AMBIGUITY_REVIEW,Ambiguous variant (SAME_SECTOR_MULTI_ISSUE); block direct matching.,,DO_NOT_IMPORT_UNTIL_REWRITTEN_OR_REVIEWED
BFL-CAND-0065-V06,BFL-CAND-0065,tanker may,tanker may,WATER,WATER_CUT,noun_infra,AMBIGUITY_REVIEW_REQUIRED,P0_AMBIGUITY_REVIEW,Ambiguous variant (SAME_SECTOR_MULTI_ISSUE); block direct matching.,,DO_NOT_IMPORT_UNTIL_REWRITTEN_OR_REVIEWED
BFL-CAND-0066-V03,BFL-CAND-0066,sarroub,sarroub,WATER,PIPE_LEAK,noun_infra,AMBIGUITY_REVIEW_REQUIRED,P0_AMBIGUITY_REVIEW,Ambiguous variant (BLOCKED_PENDING_REVIEW); block direct matching.,,DO_NOT_IMPORT_UNTIL_REWRITTEN_OR_REVIEWED
BFL-CAND-0068-V06,BFL-CAND-0068,jonction,jonction,WATER,PIPE_LEAK,noun_infra,AMBIGUITY_REVIEW_REQUIRED,P0_AMBIGUITY_REVIEW,Ambiguous variant (BLOCKED_PENDING_REVIEW); block direct matching.,,DO_NOT_IMPORT_UNTIL_REWRITTEN_OR_REVIEWED
BFL-CAND-0071-V02,BFL-CAND-0071,maw3id l may,maw3id l may,WATER,WATER_CUT,noun_infra,AMBIGUITY_REVIEW_REQUIRED,P0_AMBIGUITY_REVIEW,Ambiguous variant (SAME_SECTOR_MULTI_ISSUE); block direct matching.,,DO_NOT_IMPORT_UNTIL_REWRITTEN_OR_REVIEWED
BFL-CAND-0071-V03,BFL-CAND-0071,sa3et l may,sa3et l may,WATER,WATER_CUT,noun_infra,AMBIGUITY_REVIEW_REQUIRED,P0_AMBIGUITY_REVIEW,Ambiguous variant (SAME_SECTOR_MULTI_ISSUE); block direct matching.,,DO_NOT_IMPORT_UNTIL_REWRITTEN_OR_REVIEWED
BFL-CAND-0071-V04,BFL-CAND-0071,yom l may,yom l may,WATER,WATER_CUT,noun_infra,AMBIGUITY_REVIEW_REQUIRED,P0_AMBIGUITY_REVIEW,Ambiguous variant (SAME_SECTOR_MULTI_ISSUE); block direct matching.,,DO_NOT_IMPORT_UNTIL_REWRITTEN_OR_REVIEWED
BFL-CAND-0074-V05,BFL-CAND-0074,may 3atma,may 3atma,WATER,DIRTY_WATER,noun_infra,AMBIGUITY_REVIEW_REQUIRED,P0_AMBIGUITY_REVIEW,Ambiguous variant (BLOCKED_PENDING_REVIEW); block direct matching.,,DO_NOT_IMPORT_UNTIL_REWRITTEN_OR_REVIEWED
BFL-CAND-0082-V01,BFL-CAND-0082,biyara,biyara,WATER,SEWAGE_OVERFLOW,noun_infra,AMBIGUITY_REVIEW_REQUIRED,P0_AMBIGUITY_REVIEW,Ambiguous variant (CROSS_SECTOR_AMBIGUOUS); block direct matching.,,DO_NOT_IMPORT_UNTIL_REWRITTEN_OR_REVIEWED
BFL-CAND-0084-V03,BFL-CAND-0084,may masdar 5arban,may masdar 5arban,WATER,DIRTY_WATER,noun_infra,AMBIGUITY_REVIEW_REQUIRED,P0_AMBIGUITY_REVIEW,Ambiguous variant (BLOCKED_PENDING_REVIEW); block direct matching.,,DO_NOT_IMPORT_UNTIL_REWRITTEN_OR_REVIEWED
BFL-CAND-0086-V05,BFL-CAND-0086,sarf s7i,sarf s7i,WATER,SEWAGE_OVERFLOW,noun_infra,AMBIGUITY_REVIEW_REQUIRED,P0_AMBIGUITY_REVIEW,Ambiguous variant (BLOCKED_PENDING_REVIEW); block direct matching.,,DO_NOT_IMPORT_UNTIL_REWRITTEN_OR_REVIEWED
BFL-CAND-0087-V04,BFL-CAND-0087,ri7et mrajir,ri7et mrajir,WATER,SEWAGE_OVERFLOW,noun_infra,AMBIGUITY_REVIEW_REQUIRED,P0_AMBIGUITY_REVIEW,Ambiguous variant (BLOCKED_PENDING_REVIEW); block direct matching.,,DO_NOT_IMPORT_UNTIL_REWRITTEN_OR_REVIEWED
BFL-CAND-0087-V06,BFL-CAND-0087,ri7a l majari,ri7a l majari,WATER,SEWAGE_OVERFLOW,noun_infra,AMBIGUITY_REVIEW_REQUIRED,P0_AMBIGUITY_REVIEW,Ambiguous variant (BLOCKED_PENDING_REVIEW); block direct matching.,,DO_NOT_IMPORT_UNTIL_REWRITTEN_OR_REVIEWED
BFL-CAND-0088-V04,BFL-CAND-0088,balouwa,balouwa,WATER,SEWAGE_OVERFLOW,noun_infra,AMBIGUITY_REVIEW_REQUIRED,P0_AMBIGUITY_REVIEW,Ambiguous variant (BLOCKED_PENDING_REVIEW); block direct matching.,,DO_NOT_IMPORT_UNTIL_REWRITTEN_OR_REVIEWED
BFL-CAND-0088-V06,BFL-CAND-0088,bl3a,bl3a,WATER,SEWAGE_OVERFLOW,noun_infra,AMBIGUITY_REVIEW_REQUIRED,P0_AMBIGUITY_REVIEW,Ambiguous variant (BLOCKED_PENDING_REVIEW); block direct matching.,,DO_NOT_IMPORT_UNTIL_REWRITTEN_OR_REVIEWED
BFL-CAND-0089-V01,BFL-CAND-0089,3am yetfa2ar,3am yetfa2ar,WATER,SEWAGE_OVERFLOW,adjective,AMBIGUITY_REVIEW_REQUIRED,P0_AMBIGUITY_REVIEW,Ambiguous variant (CROSS_SECTOR_AMBIGUOUS); block direct matching.,,DO_NOT_IMPORT_UNTIL_REWRITTEN_OR_REVIEWED
BFL-CAND-0089-V02,BFL-CAND-0089,3am yetfayan,3am yetfayan,WATER,SEWAGE_OVERFLOW,adjective,AMBIGUITY_REVIEW_REQUIRED,P0_AMBIGUITY_REVIEW,Ambiguous variant (CROSS_SECTOR_AMBIGUOUS); block direct matching.,,DO_NOT_IMPORT_UNTIL_REWRITTEN_OR_REVIEWED
BFL-CAND-0089-V03,BFL-CAND-0089,3am yifur,3am yifur,WATER,SEWAGE_OVERFLOW,adjective,AMBIGUITY_REVIEW_REQUIRED,P0_AMBIGUITY_REVIEW,Ambiguous variant (CATEGORY_AMBIGUOUS); block direct matching.,,DO_NOT_IMPORT_UNTIL_REWRITTEN_OR_REVIEWED
BFL-CAND-0089-V06,BFL-CAND-0089,yfur,yfur,WATER,SEWAGE_OVERFLOW,adjective,AMBIGUITY_REVIEW_REQUIRED,P0_AMBIGUITY_REVIEW,Ambiguous variant (BLOCKED_PENDING_REVIEW); block direct matching.,,DO_NOT_IMPORT_UNTIL_REWRITTEN_OR_REVIEWED
BFL-CAND-0090-V01,BFL-CAND-0090,2ata3et,2ata3et,WATER,WATER_CUT,verb,AMBIGUITY_REVIEW_REQUIRED,P0_AMBIGUITY_REVIEW,Ambiguous variant (CROSS_SECTOR_AMBIGUOUS); block direct matching.,,DO_NOT_IMPORT_UNTIL_REWRITTEN_OR_REVIEWED
BFL-CAND-0090-V02,BFL-CAND-0090,inkata3et,inkata3et,WATER,WATER_CUT,verb,AMBIGUITY_REVIEW_REQUIRED,P0_AMBIGUITY_REVIEW,Ambiguous variant (CROSS_SECTOR_AMBIGUOUS); block direct matching.,,DO_NOT_IMPORT_UNTIL_REWRITTEN_OR_REVIEWED
BFL-CAND-0090-V04,BFL-CAND-0090,nkata3et,nkata3et,WATER,WATER_CUT,verb,AMBIGUITY_REVIEW_REQUIRED,P0_AMBIGUITY_REVIEW,Ambiguous variant (CROSS_SECTOR_AMBIGUOUS); block direct matching.,,DO_NOT_IMPORT_UNTIL_REWRITTEN_OR_REVIEWED
BFL-CAND-0090-V06,BFL-CAND-0090,2ataet,2ataet,WATER,WATER_CUT,verb,AMBIGUITY_REVIEW_REQUIRED,P0_AMBIGUITY_REVIEW,Ambiguous variant (BLOCKED_PENDING_REVIEW); block direct matching.,,DO_NOT_IMPORT_UNTIL_REWRITTEN_OR_REVIEWED
BFL-CAND-0091-V01,BFL-CAND-0091,rja3et,rja3et,WATER,WATER_CUT,verb,AMBIGUITY_REVIEW_REQUIRED,P0_AMBIGUITY_REVIEW,Ambiguous variant (CROSS_SECTOR_AMBIGUOUS); block direct matching.,,DO_NOT_IMPORT_UNTIL_REWRITTEN_OR_REVIEWED
BFL-CAND-0091-V05,BFL-CAND-0091,3adet,3adet,WATER,WATER_CUT,verb,AMBIGUITY_REVIEW_REQUIRED,P0_AMBIGUITY_REVIEW,Ambiguous variant (BLOCKED_PENDING_REVIEW); block direct matching.,,DO_NOT_IMPORT_UNTIL_REWRITTEN_OR_REVIEWED
BFL-CAND-0096-V01,BFL-CAND-0096,3am yifur,3am yifur,WATER,SEWAGE_OVERFLOW,verb,AMBIGUITY_REVIEW_REQUIRED,P0_AMBIGUITY_REVIEW,Ambiguous variant (CATEGORY_AMBIGUOUS); block direct matching.,,DO_NOT_IMPORT_UNTIL_REWRITTEN_OR_REVIEWED
BFL-CAND-0096-V02,BFL-CAND-0096,3am yetfa2ar,3am yetfa2ar,WATER,SEWAGE_OVERFLOW,verb,AMBIGUITY_REVIEW_REQUIRED,P0_AMBIGUITY_REVIEW,Ambiguous variant (CROSS_SECTOR_AMBIGUOUS); block direct matching.,,DO_NOT_IMPORT_UNTIL_REWRITTEN_OR_REVIEWED
BFL-CAND-0096-V03,BFL-CAND-0096,3am yetfayan,3am yetfayan,WATER,SEWAGE_OVERFLOW,verb,AMBIGUITY_REVIEW_REQUIRED,P0_AMBIGUITY_REVIEW,Ambiguous variant (CROSS_SECTOR_AMBIGUOUS); block direct matching.,,DO_NOT_IMPORT_UNTIL_REWRITTEN_OR_REVIEWED
BFL-CAND-0096-V05,BFL-CAND-0096,far,far,WATER,SEWAGE_OVERFLOW,verb,AMBIGUITY_REVIEW_REQUIRED,P0_AMBIGUITY_REVIEW,Ambiguous variant (CROSS_SECTOR_AMBIGUOUS); block direct matching.,,DO_NOT_IMPORT_UNTIL_REWRITTEN_OR_REVIEWED
BFL-CAND-0096-V06,BFL-CAND-0096,tafan,tafan,WATER,SEWAGE_OVERFLOW,verb,AMBIGUITY_REVIEW_REQUIRED,P0_AMBIGUITY_REVIEW,Ambiguous variant (CROSS_SECTOR_AMBIGUOUS); block direct matching.,,DO_NOT_IMPORT_UNTIL_REWRITTEN_OR_REVIEWED
BFL-CAND-0097-V01,BFL-CAND-0097,nkassar,nkassar,WATER,PIPE_LEAK,verb,AMBIGUITY_REVIEW_REQUIRED,P0_AMBIGUITY_REVIEW,Ambiguous variant (CROSS_SECTOR_AMBIGUOUS); block direct matching.,,DO_NOT_IMPORT_UNTIL_REWRITTEN_OR_REVIEWED
BFL-CAND-0097-V06,BFL-CAND-0097,inkasar,inkasar,WATER,PIPE_LEAK,verb,AMBIGUITY_REVIEW_REQUIRED,P0_AMBIGUITY_REVIEW,Ambiguous variant (BLOCKED_PENDING_REVIEW); block direct matching.,,DO_NOT_IMPORT_UNTIL_REWRITTEN_OR_REVIEWED
BFL-CAND-0101-V03,BFL-CAND-0101,walid,walid,ELECTRICITY,ALL_SUPPORT,noun_infra,QUARANTINED_REWRITE_REQUIRED,P0_REWRITE_OR_REJECT,REJECT_FALSE_FRIEND: person-name confusion with generator; use moualled/moualid/mwalled/generator.,moualled|moualid|mwalled|generator,DO_NOT_IMPORT_UNTIL_REWRITTEN_OR_REVIEWED
BFL-CAND-0107-V02,BFL-CAND-0107,amper l walid,amper l walid,ELECTRICITY,ALL_SUPPORT,noun_infra,QUARANTINED_REWRITE_REQUIRED,P0_REWRITE_OR_REJECT,REJECT_FALSE_FRIEND: person-name confusion with generator.,amper l moualled|amper l moualid|amper generator,DO_NOT_IMPORT_UNTIL_REWRITTEN_OR_REVIEWED
BFL-CAND-0131-V05,BFL-CAND-0131,talle zbele,talle zbele,WASTE,ILLEGAL_DUMP,noun_infra,AMBIGUITY_REVIEW_REQUIRED,P0_AMBIGUITY_REVIEW,Ambiguous variant (BLOCKED_PENDING_REVIEW); block direct matching.,,DO_NOT_IMPORT_UNTIL_REWRITTEN_OR_REVIEWED
BFL-CAND-0131-V06,BFL-CAND-0131,masabb zbele,masabb zbele,WASTE,ILLEGAL_DUMP,noun_infra,AMBIGUITY_REVIEW_REQUIRED,P0_AMBIGUITY_REVIEW,Ambiguous variant (NORMALIZATION_AMBIGUOUS); block direct matching.,,DO_NOT_IMPORT_UNTIL_REWRITTEN_OR_REVIEWED
BFL-CAND-0132-V04,BFL-CAND-0132,masabb zbele,masabb zbele,WASTE,ILLEGAL_DUMP,noun_infra,AMBIGUITY_REVIEW_REQUIRED,P0_AMBIGUITY_REVIEW,Ambiguous variant (NORMALIZATION_AMBIGUOUS); block direct matching.,,DO_NOT_IMPORT_UNTIL_REWRITTEN_OR_REVIEWED
BFL-CAND-0133-V05,BFL-CAND-0133,2anqad,2anqad,WASTE,ILLEGAL_DUMP,noun_infra,AMBIGUITY_REVIEW_REQUIRED,P0_AMBIGUITY_REVIEW,Ambiguous variant (BLOCKED_PENDING_REVIEW); block direct matching.,,DO_NOT_IMPORT_UNTIL_REWRITTEN_OR_REVIEWED
BFL-CAND-0139-V04,BFL-CAND-0139,zbele 7asharat tibbiye,zbele 7asharat tibbiye,WASTE,ILLEGAL_DUMP,noun_infra,AMBIGUITY_REVIEW_REQUIRED,P0_AMBIGUITY_REVIEW,Ambiguous variant (BLOCKED_PENDING_REVIEW); block direct matching.,,DO_NOT_IMPORT_UNTIL_REWRITTEN_OR_REVIEWED
BFL-CAND-0140-V03,BFL-CAND-0140,mawad kimyaiye,mawad kimyaiye,WASTE,ILLEGAL_DUMP,noun_infra,AMBIGUITY_REVIEW_REQUIRED,P0_AMBIGUITY_REVIEW,Ambiguous variant (NORMALIZATION_AMBIGUOUS); block direct matching.,,DO_NOT_IMPORT_UNTIL_REWRITTEN_OR_REVIEWED
BFL-CAND-0141-V01,BFL-CAND-0141,mawad kimyaiye,mawad kimyaiye,WASTE,ILLEGAL_DUMP,noun_infra,AMBIGUITY_REVIEW_REQUIRED,P0_AMBIGUITY_REVIEW,Ambiguous variant (NORMALIZATION_AMBIGUOUS); block direct matching.,,DO_NOT_IMPORT_UNTIL_REWRITTEN_OR_REVIEWED
BFL-CAND-0142-V01,BFL-CAND-0142,ri7et ta3affun,ri7et ta3affun,WASTE,OVERFLOWING_BIN,noun_infra,AMBIGUITY_REVIEW_REQUIRED,P0_AMBIGUITY_REVIEW,Ambiguous variant (CROSS_SECTOR_AMBIGUOUS); block direct matching.,,DO_NOT_IMPORT_UNTIL_REWRITTEN_OR_REVIEWED
BFL-CAND-0142-V04,BFL-CAND-0142,ri7a bayse,ri7a bayse,WASTE,OVERFLOWING_BIN,noun_infra,AMBIGUITY_REVIEW_REQUIRED,P0_AMBIGUITY_REVIEW,Ambiguous variant (CROSS_SECTOR_AMBIGUOUS); block direct matching.,,DO_NOT_IMPORT_UNTIL_REWRITTEN_OR_REVIEWED
BFL-CAND-0142-V06,BFL-CAND-0142,ri7a keri7a,ri7a keri7a,WASTE,OVERFLOWING_BIN,noun_infra,AMBIGUITY_REVIEW_REQUIRED,P0_AMBIGUITY_REVIEW,Ambiguous variant (CROSS_SECTOR_AMBIGUOUS); block direct matching.,,DO_NOT_IMPORT_UNTIL_REWRITTEN_OR_REVIEWED
BFL-CAND-0144-V04,BFL-CAND-0144,ri7et 7ar2,ri7et 7ar2,WASTE,BURNING_WASTE,noun_infra,AMBIGUITY_REVIEW_REQUIRED,P0_AMBIGUITY_REVIEW,Ambiguous variant (CROSS_SECTOR_AMBIGUOUS); block direct matching.,,DO_NOT_IMPORT_UNTIL_REWRITTEN_OR_REVIEWED
BFL-CAND-0145-V02,BFL-CAND-0145,far,far,WASTE,OVERFLOWING_BIN,noun_infra,AMBIGUITY_REVIEW_REQUIRED,P0_AMBIGUITY_REVIEW,Ambiguous variant (CROSS_SECTOR_AMBIGUOUS); block direct matching.,,DO_NOT_IMPORT_UNTIL_REWRITTEN_OR_REVIEWED
BFL-CAND-0147-V01,BFL-CAND-0147,ri7et 7ar2,ri7et 7ar2,WASTE,BURNING_WASTE,noun_infra,AMBIGUITY_REVIEW_REQUIRED,P0_AMBIGUITY_REVIEW,Ambiguous variant (CROSS_SECTOR_AMBIGUOUS); block direct matching.,,DO_NOT_IMPORT_UNTIL_REWRITTEN_OR_REVIEWED
BFL-CAND-0186-V01,BFL-CAND-0186,7ada 2anje7,7ada 2anje7,SAFETY,INJURY,noun_person,QUARANTINED_REWRITE_REQUIRED,P0_REWRITE_OR_REJECT,REWRITE_SEMANTIC: not reliable for injured person; use 7ada mjrou7 / 7ada msab.,7ada mjrou7|7ada msab|fi msab,DO_NOT_IMPORT_UNTIL_REWRITTEN_OR_REVIEWED
BFL-CAND-0186-V05,BFL-CAND-0186,2anje7,2anje7,SAFETY,INJURY,noun_person,QUARANTINED_REWRITE_REQUIRED,P0_REWRITE_OR_REJECT,REWRITE_SEMANTIC: not reliable for injured; use mjrou7/msab.,mjrou7|msab,DO_NOT_IMPORT_UNTIL_REWRITTEN_OR_REVIEWED
BFL-CAND-0187-V03,BFL-CAND-0187,7ada 7elo 3al ard,7ada 7elo 3al ard,SAFETY,INJURY,noun_person,QUARANTINED_REWRITE_REQUIRED,P0_REWRITE_OR_REJECT,REWRITE_SEMANTIC: 7elo means good/pretty; use 7ada we2i3 3al ard or 7ada mghma 3aleh.,7ada we2i3 3al ard|7ada mghma 3aleh|7ada bel ard,DO_NOT_IMPORT_UNTIL_REWRITTEN_OR_REVIEWED
BFL-CAND-0210-V04,BFL-CAND-0210,7alna 3ala 7a2,7alna 3ala 7a2,ALL_SUPPORT,ALL_SUPPORT,noun_civic,QUARANTINED_REWRITE_REQUIRED,P0_REWRITE_OR_REJECT,REVIEW_AWKWARD: prefer 7a2na / ma 3am nekhd 7a2na.,7a2na|ma 3am nekhd 7a2na|elna 7a2,DO_NOT_IMPORT_UNTIL_REWRITTEN_OR_REVIEWED
BFL-CAND-0268-V06,BFL-CAND-0268,yis7o7o,yis7o7o,ALL_SUPPORT,ALL_SUPPORT,verb,QUARANTINED_REWRITE_REQUIRED,P0_REWRITE_OR_REJECT,REVIEW_WEAK_FORM: unclear repair form; prefer yisla7o/ysal7o.,yisla7o|ysal7o|y3amlo siyane,DO_NOT_IMPORT_UNTIL_REWRITTEN_OR_REVIEWED
BFL-CAND-0275-V05,BFL-CAND-0275,msh 3ajile,msh 3ajile,ALL_SUPPORT,ALL_SUPPORT,verb,QUARANTINED_REWRITE_REQUIRED,P0_REWRITE_OR_REJECT,CONTEXT_ONLY: means not urgent unless sarcastic; do not use as severity marker.,mish 3ajle|mish 3ajil,DO_NOT_IMPORT_UNTIL_REWRITTEN_OR_REVIEWED
BFL-CAND-0295-V05,BFL-CAND-0295,ma7i,ma7i,ALL_SUPPORT,ALL_SUPPORT,adjective,QUARANTINED_REWRITE_REQUIRED,P0_REWRITE_OR_REJECT,REVIEW_WEAK_FORM: weak for hidden; prefer m5abbi/ma5bi.,m5abbi|ma5bi,DO_NOT_IMPORT_UNTIL_REWRITTEN_OR_REVIEWED
BFL-CAND-0359-V04,BFL-CAND-0359,sa7ab l walid,sa7ab l walid,ELECTRICITY,ALL_SUPPORT,noun_person,QUARANTINED_REWRITE_REQUIRED,P0_REWRITE_OR_REJECT,REJECT_FALSE_FRIEND: person-name confusion with generator.,sa7eb l moualled|sa7eb l generator,DO_NOT_IMPORT_UNTIL_REWRITTEN_OR_REVIEWED
BFL-CAND-0361-V02,BFL-CAND-0361,jadwal l walid,jadwal l walid,ELECTRICITY,ALL_SUPPORT,noun_infra,QUARANTINED_REWRITE_REQUIRED,P0_REWRITE_OR_REJECT,REJECT_FALSE_FRIEND: person-name confusion with generator.,jadwal l moualled|jadwal l moualid|jadwal l generator,DO_NOT_IMPORT_UNTIL_REWRITTEN_OR_REVIEWED
BFL-CAND-0364-V05,BFL-CAND-0364,may ema ma ji,may ema ma ji,WATER,ALL_SUPPORT,noun_infra,QUARANTINED_REWRITE_REQUIRED,P0_REWRITE_OR_REJECT,REVIEW_UNCLEAR: prefer may ma 3am teje / may ma tosal.,may ma 3am teje|may ma tosal|ma fi may,DO_NOT_IMPORT_UNTIL_REWRITTEN_OR_REVIEWED
BFL-CAND-0366-V02,BFL-CAND-0366,walid mshterak,walid mshterak,ELECTRICITY,ALL_SUPPORT,noun_infra,QUARANTINED_REWRITE_REQUIRED,P0_REWRITE_OR_REJECT,REJECT_FALSE_FRIEND: walid/person-name generator confusion.,,DO_NOT_IMPORT_UNTIL_REWRITTEN_OR_REVIEWED
